kind,folder,file,id,title,size,key,catalogKey,url,status,realSize
HTML,common/mirror,Amzshghh-01-speed-reading.html,Amzshghh-01-speed-reading.html,,6579,common/mirror/Amzshghh-01-speed-reading.html,,https://c539776.parspack.net/common/mirror/Amzshghh-01-speed-reading.html,404,409
HTML,common/mirror,Amzshghh-02-handwriting.html,Amzshghh-02-handwriting.html,,7423,common/mirror/Amzshghh-02-handwriting.html,,https://c539776.parspack.net/common/mirror/Amzshghh-02-handwriting.html,404,405
HTML,common/mirror,Amzshghh-03-touch-typing.html,Amzshghh-03-touch-typing.html,,6371,common/mirror/Amzshghh-03-touch-typing.html,,https://c539776.parspack.net/common/mirror/Amzshghh-03-touch-typing.html,404,407
HTML,common/mirror,Amzshghh-04-note-taking.html,Amzshghh-04-note-taking.html,,6089,common/mirror/Amzshghh-04-note-taking.html,,https://c539776.parspack.net/common/mirror/Amzshghh-04-note-taking.html,404,405
HTML,common/mirror,Amzshghh-05-summarizing.html,Amzshghh-05-summarizing.html,,5882,common/mirror/Amzshghh-05-summarizing.html,,https://c539776.parspack.net/common/mirror/Amzshghh-05-summarizing.html,404,405
HTML,common/mirror,Amzshghh-06-debate-principles.html,Amzshghh-06-debate-principles.html,,5994,common/mirror/Amzshghh-06-debate-principles.html,,https://c539776.parspack.net/common/mirror/Amzshghh-06-debate-principles.html,404,417
HTML,common/mirror,Amzshghh-07-logical-fallacies.html,Amzshghh-07-logical-fallacies.html,,6505,common/mirror/Amzshghh-07-logical-fallacies.html,,https://c539776.parspack.net/common/mirror/Amzshghh-07-logical-fallacies.html,404,417
HTML,common/mirror,Amzshghh-08-public-speaking.html,Amzshghh-08-public-speaking.html,,5809,common/mirror/Amzshghh-08-public-speaking.html,,https://c539776.parspack.net/common/mirror/Amzshghh-08-public-speaking.html,404,413
HTML,common/mirror,Amzshghh-09-speech-anxiety.html,Amzshghh-09-speech-anxiety.html,,5866,common/mirror/Amzshghh-09-speech-anxiety.html,,https://c539776.parspack.net/common/mirror/Amzshghh-09-speech-anxiety.html,404,411
HTML,common/mirror,Amzshghh-10-formal-email.html,Amzshghh-10-formal-email.html,,5746,common/mirror/Amzshghh-10-formal-email.html,,https://c539776.parspack.net/common/mirror/Amzshghh-10-formal-email.html,404,407
HTML,common/mirror,Amzshghh-11-active-listening.html,Amzshghh-11-active-listening.html,,5866,common/mirror/Amzshghh-11-active-listening.html,,https://c539776.parspack.net/common/mirror/Amzshghh-11-active-listening.html,404,415
HTML,common/mirror,Amzshghh-12-mental-math.html,Amzshghh-12-mental-math.html,,5838,common/mirror/Amzshghh-12-mental-math.html,,https://c539776.parspack.net/common/mirror/Amzshghh-12-mental-math.html,404,405
HTML,common/mirror,Amzshghh-13-memory-boost.html,Amzshghh-13-memory-boost.html,,5873,common/mirror/Amzshghh-13-memory-boost.html,,https://c539776.parspack.net/common/mirror/Amzshghh-13-memory-boost.html,404,407
HTML,common/mirror,Amzshghh-14-problem-solving.html,Amzshghh-14-problem-solving.html,,5765,common/mirror/Amzshghh-14-problem-solving.html,,https://c539776.parspack.net/common/mirror/Amzshghh-14-problem-solving.html,404,413
HTML,common/mirror,Amzshghh-15-relationships.html,Amzshghh-15-relationships.html,,6216,common/mirror/Amzshghh-15-relationships.html,,https://c539776.parspack.net/common/mirror/Amzshghh-15-relationships.html,404,409
HTML,common/mirror,Amzshghh-16-self-awareness.html,Amzshghh-16-self-awareness.html,,5705,common/mirror/Amzshghh-16-self-awareness.html,,https://c539776.parspack.net/common/mirror/Amzshghh-16-self-awareness.html,404,411
HTML,common/mirror,Amzshghh-17-mental-traps.html,Amzshghh-17-mental-traps.html,,6260,common/mirror/Amzshghh-17-mental-traps.html,,https://c539776.parspack.net/common/mirror/Amzshghh-17-mental-traps.html,404,407
HTML,common/mirror,Amzshghh-18-resilience.html,Amzshghh-18-resilience.html,,5725,common/mirror/Amzshghh-18-resilience.html,,https://c539776.parspack.net/common/mirror/Amzshghh-18-resilience.html,404,403
HTML,common/mirror,Amzshghh-19-daily-planning.html,Amzshghh-19-daily-planning.html,,5595,common/mirror/Amzshghh-19-daily-planning.html,,https://c539776.parspack.net/common/mirror/Amzshghh-19-daily-planning.html,404,411
HTML,common/mirror,Amzshghh-20-habit-building.html,Amzshghh-20-habit-building.html,,5592,common/mirror/Amzshghh-20-habit-building.html,,https://c539776.parspack.net/common/mirror/Amzshghh-20-habit-building.html,404,411
HTML,common/mirror,Amzshghh-21-study-space.html,Amzshghh-21-study-space.html,,5581,common/mirror/Amzshghh-21-study-space.html,,https://c539776.parspack.net/common/mirror/Amzshghh-21-study-space.html,404,405
HTML,common/mirror,Amzshghh-22-windows-basics.html,Amzshghh-22-windows-basics.html,,5553,common/mirror/Amzshghh-22-windows-basics.html,,https://c539776.parspack.net/common/mirror/Amzshghh-22-windows-basics.html,404,411
HTML,common/mirror,Amzshghh-23-ai-literacy.html,Amzshghh-23-ai-literacy.html,,5587,common/mirror/Amzshghh-23-ai-literacy.html,,https://c539776.parspack.net/common/mirror/Amzshghh-23-ai-literacy.html,404,405
HTML,common/mirror,Amzshghh-24-smart-search.html,Amzshghh-24-smart-search.html,,5608,common/mirror/Amzshghh-24-smart-search.html,,https://c539776.parspack.net/common/mirror/Amzshghh-24-smart-search.html,404,407
HTML,common/mirror,Amzshghh-25-online-safety.html,Amzshghh-25-online-safety.html,,5595,common/mirror/Amzshghh-25-online-safety.html,,https://c539776.parspack.net/common/mirror/Amzshghh-25-online-safety.html,404,409
HTML,common/mirror,Amzshghh-26-fake-news.html,Amzshghh-26-fake-news.html,,5507,common/mirror/Amzshghh-26-fake-news.html,,https://c539776.parspack.net/common/mirror/Amzshghh-26-fake-news.html,404,401
HTML,common/mirror,Amzshghh-27-teamwork.html,Amzshghh-27-teamwork.html,,5648,common/mirror/Amzshghh-27-teamwork.html,,https://c539776.parspack.net/common/mirror/Amzshghh-27-teamwork.html,404,399
HTML,common/mirror,Amzshghh-28-conflict-friends.html,Amzshghh-28-conflict-friends.html,,5604,common/mirror/Amzshghh-28-conflict-friends.html,,https://c539776.parspack.net/common/mirror/Amzshghh-28-conflict-friends.html,404,415
HTML,common/mirror,Amzshghh-29-saying-no.html,Amzshghh-29-saying-no.html,,5630,common/mirror/Amzshghh-29-saying-no.html,,https://c539776.parspack.net/common/mirror/Amzshghh-29-saying-no.html,404,401
HTML,common/mirror,Amzshghh-30-budgeting.html,Amzshghh-30-budgeting.html,,5530,common/mirror/Amzshghh-30-budgeting.html,,https://c539776.parspack.net/common/mirror/Amzshghh-30-budgeting.html,404,401
HTML,common/mirror,Amzshghh-31-needs-vs-wants.html,Amzshghh-31-needs-vs-wants.html,,5562,common/mirror/Amzshghh-31-needs-vs-wants.html,,https://c539776.parspack.net/common/mirror/Amzshghh-31-needs-vs-wants.html,404,411
HTML,common/mirror,Amzshghh-32-brainstorming.html,Amzshghh-32-brainstorming.html,,6268,common/mirror/Amzshghh-32-brainstorming.html,,https://c539776.parspack.net/common/mirror/Amzshghh-32-brainstorming.html,404,409
HTML,common/mirror,Amzshghh-33-creative-thinking.html,Amzshghh-33-creative-thinking.html,,5620,common/mirror/Amzshghh-33-creative-thinking.html,,https://c539776.parspack.net/common/mirror/Amzshghh-33-creative-thinking.html,404,417
HTML,common/mirror,Amzshghh-34-music-theory.html,Amzshghh-34-music-theory.html,,5780,common/mirror/Amzshghh-34-music-theory.html,,https://c539776.parspack.net/common/mirror/Amzshghh-34-music-theory.html,404,407
HTML,common/mirror,Background-music.html,Background-music.html,,8620846,common/mirror/Background-music.html,,https://c539776.parspack.net/common/mirror/Background-music.html,404,391
HTML,common/mirror,br-01.html,br-01.html,,820064,common/mirror/br-01.html,,https://c539776.parspack.net/common/mirror/br-01.html,404,369
HTML,common/mirror,br-02.html,br-02.html,,675054,common/mirror/br-02.html,,https://c539776.parspack.net/common/mirror/br-02.html,404,369
HTML,common/mirror,br-03.html,br-03.html,,922837,common/mirror/br-03.html,,https://c539776.parspack.net/common/mirror/br-03.html,404,369
HTML,common/mirror,br-04.html,br-04.html,,793042,common/mirror/br-04.html,,https://c539776.parspack.net/common/mirror/br-04.html,404,369
HTML,common/mirror,br-05.html,br-05.html,,799708,common/mirror/br-05.html,,https://c539776.parspack.net/common/mirror/br-05.html,404,369
HTML,common/mirror,br-06.html,br-06.html,,739445,common/mirror/br-06.html,,https://c539776.parspack.net/common/mirror/br-06.html,404,369
HTML,common/mirror,br-07.html,br-07.html,,750011,common/mirror/br-07.html,,https://c539776.parspack.net/common/mirror/br-07.html,404,369
HTML,common/mirror,br-08.html,br-08.html,,822248,common/mirror/br-08.html,,https://c539776.parspack.net/common/mirror/br-08.html,404,369
HTML,common/mirror,ex-01.html,ex-01.html,,1878312,common/mirror/ex-01.html,,https://c539776.parspack.net/common/mirror/ex-01.html,404,369
HTML,common/mirror,ex-02.html,ex-02.html,,1723213,common/mirror/ex-02.html,,https://c539776.parspack.net/common/mirror/ex-02.html,404,369
HTML,common/mirror,ex-03.html,ex-03.html,,2165449,common/mirror/ex-03.html,,https://c539776.parspack.net/common/mirror/ex-03.html,404,369
HTML,common/mirror,ex-04.html,ex-04.html,,2115916,common/mirror/ex-04.html,,https://c539776.parspack.net/common/mirror/ex-04.html,404,369
HTML,common/mirror,ex-05.html,ex-05.html,,3099462,common/mirror/ex-05.html,,https://c539776.parspack.net/common/mirror/ex-05.html,404,369
HTML,common/mirror,ex-06.html,ex-06.html,,1987239,common/mirror/ex-06.html,,https://c539776.parspack.net/common/mirror/ex-06.html,404,369
HTML,common/mirror,ex-07.html,ex-07.html,,3356380,common/mirror/ex-07.html,,https://c539776.parspack.net/common/mirror/ex-07.html,404,369
HTML,common/mirror,ex-08.html,ex-08.html,,1822794,common/mirror/ex-08.html,,https://c539776.parspack.net/common/mirror/ex-08.html,404,369
HTML,common/mirror,ex-09.html,ex-09.html,,1903153,common/mirror/ex-09.html,,https://c539776.parspack.net/common/mirror/ex-09.html,404,369
HTML,common/mirror,ex-10.html,ex-10.html,,2281209,common/mirror/ex-10.html,,https://c539776.parspack.net/common/mirror/ex-10.html,404,369
HTML,common/mirror,ex-11.html,ex-11.html,,2218021,common/mirror/ex-11.html,,https://c539776.parspack.net/common/mirror/ex-11.html,404,369
HTML,common/mirror,ex-12.html,ex-12.html,,1734118,common/mirror/ex-12.html,,https://c539776.parspack.net/common/mirror/ex-12.html,404,369
HTML,common/mirror,ex-13.html,ex-13.html,,3391703,common/mirror/ex-13.html,,https://c539776.parspack.net/common/mirror/ex-13.html,404,369
HTML,common/mirror,ex-14.html,ex-14.html,,2350643,common/mirror/ex-14.html,,https://c539776.parspack.net/common/mirror/ex-14.html,404,369
HTML,common/mirror,ex-15.html,ex-15.html,,1540620,common/mirror/ex-15.html,,https://c539776.parspack.net/common/mirror/ex-15.html,404,369
HTML,common/mirror,yg-01.html,yg-01.html,,1786495,common/mirror/yg-01.html,,https://c539776.parspack.net/common/mirror/yg-01.html,404,369
HTML,common/mirror,yg-02.html,yg-02.html,,2222828,common/mirror/yg-02.html,,https://c539776.parspack.net/common/mirror/yg-02.html,404,369
HTML,common/mirror,yg-03.html,yg-03.html,,2136706,common/mirror/yg-03.html,,https://c539776.parspack.net/common/mirror/yg-03.html,404,369
HTML,common/mirror,yg-04.html,yg-04.html,,2573803,common/mirror/yg-04.html,,https://c539776.parspack.net/common/mirror/yg-04.html,404,369
HTML,common/mirror,yg-05.html,yg-05.html,,3170808,common/mirror/yg-05.html,,https://c539776.parspack.net/common/mirror/yg-05.html,404,369
HTML,common/mirror,yg-06.html,yg-06.html,,3174023,common/mirror/yg-06.html,,https://c539776.parspack.net/common/mirror/yg-06.html,404,369
HTML,common/mirror,yg-07.html,yg-07.html,,2458177,common/mirror/yg-07.html,,https://c539776.parspack.net/common/mirror/yg-07.html,404,369
HTML,common/mirror,yg-08.html,yg-08.html,,1925991,common/mirror/yg-08.html,,https://c539776.parspack.net/common/mirror/yg-08.html,404,369
HTML,common/mirror,yg-09.html,yg-09.html,,2939254,common/mirror/yg-09.html,,https://c539776.parspack.net/common/mirror/yg-09.html,404,369
HTML,common/mirror,yg-10.html,yg-10.html,,2109954,common/mirror/yg-10.html,,https://c539776.parspack.net/common/mirror/yg-10.html,404,369
HTML,common/mirror,yg-11.html,yg-11.html,,3583402,common/mirror/yg-11.html,,https://c539776.parspack.net/common/mirror/yg-11.html,404,369
HTML,common/mirror,yg-12.html,yg-12.html,,2969152,common/mirror/yg-12.html,,https://c539776.parspack.net/common/mirror/yg-12.html,404,369
HTML,common/mirror,yg-13.html,yg-13.html,,3637916,common/mirror/yg-13.html,,https://c539776.parspack.net/common/mirror/yg-13.html,404,369
HTML,common/mirror,yg-14.html,yg-14.html,,2799155,common/mirror/yg-14.html,,https://c539776.parspack.net/common/mirror/yg-14.html,404,369
HTML,common/mirror,yg-15.html,yg-15.html,,2255369,common/mirror/yg-15.html,,https://c539776.parspack.net/common/mirror/yg-15.html,404,369
HTML,grades/grade9/study,ryazif01d01.html,ryazif01d01.html,,59139,grades/grade9/study/ryazif01d01.html,,https://c539776.parspack.net/grades/grade9/study/ryazif01d01.html,206,59139
HTML,grades/grade9/study,ryazif01d02.html,ryazif01d02.html,,62389,grades/grade9/study/ryazif01d02.html,,https://c539776.parspack.net/grades/grade9/study/ryazif01d02.html,206,62389
HTML,grades/grade9/study,ryazif01d03.html,ryazif01d03.html,,73785,grades/grade9/study/ryazif01d03.html,,https://c539776.parspack.net/grades/grade9/study/ryazif01d03.html,206,73785
HTML,grades/grade9/study,ryazif01d04.html,ryazif01d04.html,,63836,grades/grade9/study/ryazif01d04.html,,https://c539776.parspack.net/grades/grade9/study/ryazif01d04.html,206,63836
HTML,grades/grade9/study,ryazif01review.html,ryazif01review.html,,57356,grades/grade9/study/ryazif01review.html,,https://c539776.parspack.net/grades/grade9/study/ryazif01review.html,206,57356
HTML,grades/grade9/study,ryazif02d01.html,ryazif02d01.html,,60371,grades/grade9/study/ryazif02d01.html,,https://c539776.parspack.net/grades/grade9/study/ryazif02d01.html,206,60371
HTML,grades/grade9/study,ryazif02d02.html,ryazif02d02.html,,51442,grades/grade9/study/ryazif02d02.html,,https://c539776.parspack.net/grades/grade9/study/ryazif02d02.html,206,51442
HTML,grades/grade9/study,ryazif02d03.html,ryazif02d03.html,,56026,grades/grade9/study/ryazif02d03.html,,https://c539776.parspack.net/grades/grade9/study/ryazif02d03.html,206,56026
HTML,grades/grade9/study,ryazif02review.html,ryazif02review.html,,49626,grades/grade9/study/ryazif02review.html,,https://c539776.parspack.net/grades/grade9/study/ryazif02review.html,206,49626
HTML,grades/grade9/study,ryazif03d01.html,ryazif03d01.html,,56039,grades/grade9/study/ryazif03d01.html,,https://c539776.parspack.net/grades/grade9/study/ryazif03d01.html,206,56039
HTML,grades/grade9/study,ryazif03d02.html,ryazif03d02.html,,68309,grades/grade9/study/ryazif03d02.html,,https://c539776.parspack.net/grades/grade9/study/ryazif03d02.html,206,68309
HTML,grades/grade9/study,ryazif03d03.html,ryazif03d03.html,,41932,grades/grade9/study/ryazif03d03.html,,https://c539776.parspack.net/grades/grade9/study/ryazif03d03.html,206,41932
HTML,grades/grade9/study,ryazif03d04.html,ryazif03d04.html,,32878,grades/grade9/study/ryazif03d04.html,,https://c539776.parspack.net/grades/grade9/study/ryazif03d04.html,206,32878
HTML,grades/grade9/study,ryazif03d05.html,ryazif03d05.html,,44154,grades/grade9/study/ryazif03d05.html,,https://c539776.parspack.net/grades/grade9/study/ryazif03d05.html,206,44154
HTML,grades/grade9/study,ryazif03review.html,ryazif03review.html,,53284,grades/grade9/study/ryazif03review.html,,https://c539776.parspack.net/grades/grade9/study/ryazif03review.html,206,53284
HTML,html ها/آزمایشگاه,lab-09-biology.html,lab-09-biology.html,Hamyar e Man - آزمایشگاه زیست پایه نهم,468176,html ها/آزمایشگاه/lab-09-biology.html,html ها/آزمایشگاه/lab-09-biology.html,https://c539776.parspack.net/html%20%D9%87%D8%A7/%D8%A2%D8%B2%D9%85%D8%A7%DB%8C%D8%B4%DA%AF%D8%A7%D9%87/lab-09-biology.html,206,468176
HTML,html ها/آزمایشگاه,lab-09-chemistry.html,lab-09-chemistry.html,Hamyar e Man - آزمایشگاه شیمی پایه نهم,258104,html ها/آزمایشگاه/lab-09-chemistry.html,html ها/آزمایشگاه/lab-09-chemistry.html,https://c539776.parspack.net/html%20%D9%87%D8%A7/%D8%A2%D8%B2%D9%85%D8%A7%DB%8C%D8%B4%DA%AF%D8%A7%D9%87/lab-09-chemistry.html,206,258104
HTML,html ها/آزمایشگاه,lab-09-physics.html,lab-09-physics.html,Hamyar e Man - آزمایشگاه فیزیک پایه نهم,241202,html ها/آزمایشگاه/lab-09-physics.html,html ها/آزمایشگاه/lab-09-physics.html,https://c539776.parspack.net/html%20%D9%87%D8%A7/%D8%A2%D8%B2%D9%85%D8%A7%DB%8C%D8%B4%DA%AF%D8%A7%D9%87/lab-09-physics.html,206,241202
HTML,html ها/آموزشگاه,01-speed-reading.html,amz-01,سرعت خواندن,7135816,html ها/آموزشگاه/01-speed-reading.html,html ها/آموزشگاه/01-speed-reading.html,https://c539776.parspack.net/html%20%D9%87%D8%A7/%D8%A2%D9%85%D9%88%D8%B2%D8%B4%DA%AF%D8%A7%D9%87/01-speed-reading.html,206,7135816
HTML,html ها/آموزشگاه,02-handwriting.html,amz-02,خوشنویسی,13921325,html ها/آموزشگاه/02-handwriting.html,html ها/آموزشگاه/02-handwriting.html,https://c539776.parspack.net/html%20%D9%87%D8%A7/%D8%A2%D9%85%D9%88%D8%B2%D8%B4%DA%AF%D8%A7%D9%87/02-handwriting.html,206,13921325
HTML,html ها/آموزشگاه,03-touch-typing.html,amz-03,تایپ لمسی,8885240,html ها/آموزشگاه/03-touch-typing.html,html ها/آموزشگاه/03-touch-typing.html,https://c539776.parspack.net/html%20%D9%87%D8%A7/%D8%A2%D9%85%D9%88%D8%B2%D8%B4%DA%AF%D8%A7%D9%87/03-touch-typing.html,206,8885240
HTML,html ها/آموزشگاه,04-note-taking.html,amz-04,یادداشت‌برداری,5435,html ها/آموزشگاه/04-note-taking.html,html ها/آموزشگاه/04-note-taking.html,https://c539776.parspack.net/html%20%D9%87%D8%A7/%D8%A2%D9%85%D9%88%D8%B2%D8%B4%DA%AF%D8%A7%D9%87/04-note-taking.html,206,5435
HTML,html ها/آموزشگاه,05-summarizing.html,amz-05,خلاصه‌نویسی,5228,html ها/آموزشگاه/05-summarizing.html,html ها/آموزشگاه/05-summarizing.html,https://c539776.parspack.net/html%20%D9%87%D8%A7/%D8%A2%D9%85%D9%88%D8%B2%D8%B4%DA%AF%D8%A7%D9%87/05-summarizing.html,206,5228
HTML,html ها/آموزشگاه,06-debate-principles.html,amz-06,اصول مناظره,5340,html ها/آموزشگاه/06-debate-principles.html,html ها/آموزشگاه/06-debate-principles.html,https://c539776.parspack.net/html%20%D9%87%D8%A7/%D8%A2%D9%85%D9%88%D8%B2%D8%B4%DA%AF%D8%A7%D9%87/06-debate-principles.html,206,5340
HTML,html ها/آموزشگاه,07-logical-fallacies.html,amz-07,مغالطه‌های منطقی,5851,html ها/آموزشگاه/07-logical-fallacies.html,html ها/آموزشگاه/07-logical-fallacies.html,https://c539776.parspack.net/html%20%D9%87%D8%A7/%D8%A2%D9%85%D9%88%D8%B2%D8%B4%DA%AF%D8%A7%D9%87/07-logical-fallacies.html,206,5851
HTML,html ها/آموزشگاه,08-public-speaking.html,amz-08,فن بیان,5155,html ها/آموزشگاه/08-public-speaking.html,html ها/آموزشگاه/08-public-speaking.html,https://c539776.parspack.net/html%20%D9%87%D8%A7/%D8%A2%D9%85%D9%88%D8%B2%D8%B4%DA%AF%D8%A7%D9%87/08-public-speaking.html,206,5155
HTML,html ها/آموزشگاه,09-public-speaking-anxiety.html,amz-09,اضطراب سخنرانی,5212,html ها/آموزشگاه/09-public-speaking-anxiety.html,html ها/آموزشگاه/09-public-speaking-anxiety.html,https://c539776.parspack.net/html%20%D9%87%D8%A7/%D8%A2%D9%85%D9%88%D8%B2%D8%B4%DA%AF%D8%A7%D9%87/09-public-speaking-anxiety.html,206,5212
HTML,html ها/آموزشگاه,10-formal-email.html,amz-10,ایمیل رسمی,5092,html ها/آموزشگاه/10-formal-email.html,html ها/آموزشگاه/10-formal-email.html,https://c539776.parspack.net/html%20%D9%87%D8%A7/%D8%A2%D9%85%D9%88%D8%B2%D8%B4%DA%AF%D8%A7%D9%87/10-formal-email.html,206,5092
HTML,html ها/آموزشگاه,11-active-listening.html,amz-11,گوش دادن فعال,5212,html ها/آموزشگاه/11-active-listening.html,html ها/آموزشگاه/11-active-listening.html,https://c539776.parspack.net/html%20%D9%87%D8%A7/%D8%A2%D9%85%D9%88%D8%B2%D8%B4%DA%AF%D8%A7%D9%87/11-active-listening.html,206,5212
HTML,html ها/آموزشگاه,12-mental-math.html,amz-12,محاسبات ذهنی,5184,html ها/آموزشگاه/12-mental-math.html,html ها/آموزشگاه/12-mental-math.html,https://c539776.parspack.net/html%20%D9%87%D8%A7/%D8%A2%D9%85%D9%88%D8%B2%D8%B4%DA%AF%D8%A7%D9%87/12-mental-math.html,206,5184
HTML,html ها/آموزشگاه,13-memory-boost.html,amz-13,تقویت حافظه,5219,html ها/آموزشگاه/13-memory-boost.html,html ها/آموزشگاه/13-memory-boost.html,https://c539776.parspack.net/html%20%D9%87%D8%A7/%D8%A2%D9%85%D9%88%D8%B2%D8%B4%DA%AF%D8%A7%D9%87/13-memory-boost.html,206,5219
HTML,html ها/آموزشگاه,14-problem-solving.html,amz-14,حل مسئله,5111,html ها/آموزشگاه/14-problem-solving.html,html ها/آموزشگاه/14-problem-solving.html,https://c539776.parspack.net/html%20%D9%87%D8%A7/%D8%A2%D9%85%D9%88%D8%B2%D8%B4%DA%AF%D8%A7%D9%87/14-problem-solving.html,206,5111
HTML,html ها/آموزشگاه,15-relationships.html,amz-15,مهارت روابط,5562,html ها/آموزشگاه/15-relationships.html,html ها/آموزشگاه/15-relationships.html,https://c539776.parspack.net/html%20%D9%87%D8%A7/%D8%A2%D9%85%D9%88%D8%B2%D8%B4%DA%AF%D8%A7%D9%87/15-relationships.html,206,5562
HTML,html ها/آموزشگاه,16-self-awareness.html,amz-16,خودآگاهی,5051,html ها/آموزشگاه/16-self-awareness.html,html ها/آموزشگاه/16-self-awareness.html,https://c539776.parspack.net/html%20%D9%87%D8%A7/%D8%A2%D9%85%D9%88%D8%B2%D8%B4%DA%AF%D8%A7%D9%87/16-self-awareness.html,206,5051
HTML,html ها/آموزشگاه,17-mental-traps.html,amz-17,تله‌های ذهنی,5606,html ها/آموزشگاه/17-mental-traps.html,html ها/آموزشگاه/17-mental-traps.html,https://c539776.parspack.net/html%20%D9%87%D8%A7/%D8%A2%D9%85%D9%88%D8%B2%D8%B4%DA%AF%D8%A7%D9%87/17-mental-traps.html,206,5606
HTML,html ها/آموزشگاه,18-resilience.html,amz-18,انعطاف‌پذیری,5071,html ها/آموزشگاه/18-resilience.html,html ها/آموزشگاه/18-resilience.html,https://c539776.parspack.net/html%20%D9%87%D8%A7/%D8%A2%D9%85%D9%88%D8%B2%D8%B4%DA%AF%D8%A7%D9%87/18-resilience.html,206,5071
HTML,html ها/آموزشگاه,19-daily-planning.html,amz-19,برنامه‌ریزی روزانه,4941,html ها/آموزشگاه/19-daily-planning.html,html ها/آموزشگاه/19-daily-planning.html,https://c539776.parspack.net/html%20%D9%87%D8%A7/%D8%A2%D9%85%D9%88%D8%B2%D8%B4%DA%AF%D8%A7%D9%87/19-daily-planning.html,206,4941
HTML,html ها/آموزشگاه,20-habit-building.html,amz-20,ساخت عادت,4938,html ها/آموزشگاه/20-habit-building.html,html ها/آموزشگاه/20-habit-building.html,https://c539776.parspack.net/html%20%D9%87%D8%A7/%D8%A2%D9%85%D9%88%D8%B2%D8%B4%DA%AF%D8%A7%D9%87/20-habit-building.html,206,4938
HTML,html ها/آموزشگاه,21-study-space.html,amz-21,فضای مطالعه,4927,html ها/آموزشگاه/21-study-space.html,html ها/آموزشگاه/21-study-space.html,https://c539776.parspack.net/html%20%D9%87%D8%A7/%D8%A2%D9%85%D9%88%D8%B2%D8%B4%DA%AF%D8%A7%D9%87/21-study-space.html,206,4927
HTML,html ها/آموزشگاه,22-windows-basics.html,amz-22,ویندوز (مبانی),4899,html ها/آموزشگاه/22-windows-basics.html,html ها/آموزشگاه/22-windows-basics.html,https://c539776.parspack.net/html%20%D9%87%D8%A7/%D8%A2%D9%85%D9%88%D8%B2%D8%B4%DA%AF%D8%A7%D9%87/22-windows-basics.html,206,4899
HTML,html ها/آموزشگاه,23-ai-literacy.html,amz-23,سواد هوش مصنوعی,4933,html ها/آموزشگاه/23-ai-literacy.html,html ها/آموزشگاه/23-ai-literacy.html,https://c539776.parspack.net/html%20%D9%87%D8%A7/%D8%A2%D9%85%D9%88%D8%B2%D8%B4%DA%AF%D8%A7%D9%87/23-ai-literacy.html,206,4933
HTML,html ها/آموزشگاه,24-smart-search.html,amz-24,جست‌وجوی هوشمند,4954,html ها/آموزشگاه/24-smart-search.html,html ها/آموزشگاه/24-smart-search.html,https://c539776.parspack.net/html%20%D9%87%D8%A7/%D8%A2%D9%85%D9%88%D8%B2%D8%B4%DA%AF%D8%A7%D9%87/24-smart-search.html,206,4954
HTML,html ها/آموزشگاه,25-online-safety.html,amz-25,ایمنی در فضای مجازی,4941,html ها/آموزشگاه/25-online-safety.html,html ها/آموزشگاه/25-online-safety.html,https://c539776.parspack.net/html%20%D9%87%D8%A7/%D8%A2%D9%85%D9%88%D8%B2%D8%B4%DA%AF%D8%A7%D9%87/25-online-safety.html,206,4941
HTML,html ها/آموزشگاه,26-fake-news.html,amz-26,اخبار جعلی,4853,html ها/آموزشگاه/26-fake-news.html,html ها/آموزشگاه/26-fake-news.html,https://c539776.parspack.net/html%20%D9%87%D8%A7/%D8%A2%D9%85%D9%88%D8%B2%D8%B4%DA%AF%D8%A7%D9%87/26-fake-news.html,206,4853
HTML,html ها/آموزشگاه,27-teamwork.html,amz-27,کار تیمی,4994,html ها/آموزشگاه/27-teamwork.html,html ها/آموزشگاه/27-teamwork.html,https://c539776.parspack.net/html%20%D9%87%D8%A7/%D8%A2%D9%85%D9%88%D8%B2%D8%B4%DA%AF%D8%A7%D9%87/27-teamwork.html,206,4994
HTML,html ها/آموزشگاه,28-conflict-with-friends.html,amz-28,مدیریت اختلاف با دوستان,4950,html ها/آموزشگاه/28-conflict-with-friends.html,html ها/آموزشگاه/28-conflict-with-friends.html,https://c539776.parspack.net/html%20%D9%87%D8%A7/%D8%A2%D9%85%D9%88%D8%B2%D8%B4%DA%AF%D8%A7%D9%87/28-conflict-with-friends.html,206,4950
HTML,html ها/آموزشگاه,29-saying-no.html,amz-29,هنر نه گفتن,4976,html ها/آموزشگاه/29-saying-no.html,html ها/آموزشگاه/29-saying-no.html,https://c539776.parspack.net/html%20%D9%87%D8%A7/%D8%A2%D9%85%D9%88%D8%B2%D8%B4%DA%AF%D8%A7%D9%87/29-saying-no.html,206,4976
HTML,html ها/آموزشگاه,30-budgeting.html,amz-30,مدیریت بودجه,4876,html ها/آموزشگاه/30-budgeting.html,html ها/آموزشگاه/30-budgeting.html,https://c539776.parspack.net/html%20%D9%87%D8%A7/%D8%A2%D9%85%D9%88%D8%B2%D8%B4%DA%AF%D8%A7%D9%87/30-budgeting.html,206,4876
HTML,html ها/آموزشگاه,31-needs-vs-wants.html,amz-31,نیاز در برابر خواسته,4908,html ها/آموزشگاه/31-needs-vs-wants.html,html ها/آموزشگاه/31-needs-vs-wants.html,https://c539776.parspack.net/html%20%D9%87%D8%A7/%D8%A2%D9%85%D9%88%D8%B2%D8%B4%DA%AF%D8%A7%D9%87/31-needs-vs-wants.html,206,4908
HTML,html ها/آموزشگاه,32-brainstorming.html,amz-32,طوفان فکری,5614,html ها/آموزشگاه/32-brainstorming.html,html ها/آموزشگاه/32-brainstorming.html,https://c539776.parspack.net/html%20%D9%87%D8%A7/%D8%A2%D9%85%D9%88%D8%B2%D8%B4%DA%AF%D8%A7%D9%87/32-brainstorming.html,206,5614
HTML,html ها/آموزشگاه,33-creative-thinking.html,amz-33,تفکر خلاق,4966,html ها/آموزشگاه/33-creative-thinking.html,html ها/آموزشگاه/33-creative-thinking.html,https://c539776.parspack.net/html%20%D9%87%D8%A7/%D8%A2%D9%85%D9%88%D8%B2%D8%B4%DA%AF%D8%A7%D9%87/33-creative-thinking.html,206,4966
HTML,html ها/آموزشگاه,34-music-theory.html,amz-34,تئوری موسیقی,5126,html ها/آموزشگاه/34-music-theory.html,html ها/آموزشگاه/34-music-theory.html,https://c539776.parspack.net/html%20%D9%87%D8%A7/%D8%A2%D9%85%D9%88%D8%B2%D8%B4%DA%AF%D8%A7%D9%87/34-music-theory.html,206,5126
HTML,html ها/تمرینات تنفسی,تنفس آرام هنگام قاعدگی.html,bre-01,تنفس آرام هنگام قاعدگی,821594,html ها/تمرینات تنفسی/تنفس آرام هنگام قاعدگی.html,html ها/تمرینات تنفسی/تنفس آرام هنگام قاعدگی.html,https://c539776.parspack.net/html%20%D9%87%D8%A7/%D8%AA%D9%85%D8%B1%DB%8C%D9%86%D8%A7%D8%AA%20%D8%AA%D9%86%D9%81%D8%B3%DB%8C/%D8%AA%D9%86%D9%81%D8%B3%20%D8%A2%D8%B1%D8%A7%D9%85%20%D9%87%D9%86%DA%AF%D8%A7%D9%85%20%D9%82%D8%A7%D8%B9%D8%AF%DA%AF%DB%8C.html,206,821594
HTML,html ها/تمرینات تنفسی,تنفس آرام پیش از خواب.html,bre-02,تنفس آرام پیش از خواب,749357,html ها/تمرینات تنفسی/تنفس آرام پیش از خواب.html,html ها/تمرینات تنفسی/تنفس آرام پیش از خواب.html,https://c539776.parspack.net/html%20%D9%87%D8%A7/%D8%AA%D9%85%D8%B1%DB%8C%D9%86%D8%A7%D8%AA%20%D8%AA%D9%86%D9%81%D8%B3%DB%8C/%D8%AA%D9%86%D9%81%D8%B3%20%D8%A2%D8%B1%D8%A7%D9%85%20%D9%BE%DB%8C%D8%B4%20%D8%A7%D8%B2%20%D8%AE%D9%88%D8%A7%D8%A8.html,206,749357
HTML,html ها/تمرینات تنفسی,تنفس بینی متناوب.html,bre-03,تنفس بینی متناوب,922183,html ها/تمرینات تنفسی/تنفس بینی متناوب.html,html ها/تمرینات تنفسی/تنفس بینی متناوب.html,https://c539776.parspack.net/html%20%D9%87%D8%A7/%D8%AA%D9%85%D8%B1%DB%8C%D9%86%D8%A7%D8%AA%20%D8%AA%D9%86%D9%81%D8%B3%DB%8C/%D8%AA%D9%86%D9%81%D8%B3%20%D8%A8%DB%8C%D9%86%DB%8C%20%D9%85%D8%AA%D9%86%D8%A7%D9%88%D8%A8.html,206,922183
HTML,html ها/تمرینات تنفسی,تنفس راحت.html,bre-04,تنفس راحت,674400,html ها/تمرینات تنفسی/تنفس راحت.html,html ها/تمرینات تنفسی/تنفس راحت.html,https://c539776.parspack.net/html%20%D9%87%D8%A7/%D8%AA%D9%85%D8%B1%DB%8C%D9%86%D8%A7%D8%AA%20%D8%AA%D9%86%D9%81%D8%B3%DB%8C/%D8%AA%D9%86%D9%81%D8%B3%20%D8%B1%D8%A7%D8%AD%D8%AA.html,206,674400
HTML,html ها/تمرینات تنفسی,تنفس شمارشی پیش از امتحان.html,bre-05,تنفس شمارشی پیش از امتحان,738791,html ها/تمرینات تنفسی/تنفس شمارشی پیش از امتحان.html,html ها/تمرینات تنفسی/تنفس شمارشی پیش از امتحان.html,https://c539776.parspack.net/html%20%D9%87%D8%A7/%D8%AA%D9%85%D8%B1%DB%8C%D9%86%D8%A7%D8%AA%20%D8%AA%D9%86%D9%81%D8%B3%DB%8C/%D8%AA%D9%86%D9%81%D8%B3%20%D8%B4%D9%85%D8%A7%D8%B1%D8%B4%DB%8C%20%D9%BE%DB%8C%D8%B4%20%D8%A7%D8%B2%20%D8%A7%D9%85%D8%AA%D8%AD%D8%A7%D9%86.html,206,738791
HTML,html ها/تمرینات تنفسی,تنفس شکمی.html,bre-06,تنفس شکمی,819410,html ها/تمرینات تنفسی/تنفس شکمی.html,html ها/تمرینات تنفسی/تنفس شکمی.html,https://c539776.parspack.net/html%20%D9%87%D8%A7/%D8%AA%D9%85%D8%B1%DB%8C%D9%86%D8%A7%D8%AA%20%D8%AA%D9%86%D9%81%D8%B3%DB%8C/%D8%AA%D9%86%D9%81%D8%B3%20%D8%B4%DA%A9%D9%85%DB%8C.html,206,819410
HTML,html ها/تمرینات تنفسی,تنفس شیر ملایم.html,bre-07,تنفس شیر ملایم,792388,html ها/تمرینات تنفسی/تنفس شیر ملایم.html,html ها/تمرینات تنفسی/تنفس شیر ملایم.html,https://c539776.parspack.net/html%20%D9%87%D8%A7/%D8%AA%D9%85%D8%B1%DB%8C%D9%86%D8%A7%D8%AA%20%D8%AA%D9%86%D9%81%D8%B3%DB%8C/%D8%AA%D9%86%D9%81%D8%B3%20%D8%B4%DB%8C%D8%B1%20%D9%85%D9%84%D8%A7%DB%8C%D9%85.html,206,792388
HTML,html ها/تمرینات تنفسی,یک دقیقه توجه به نفس.html,bre-08,یک دقیقه توجه به نفس,799054,html ها/تمرینات تنفسی/یک دقیقه توجه به نفس.html,html ها/تمرینات تنفسی/یک دقیقه توجه به نفس.html,https://c539776.parspack.net/html%20%D9%87%D8%A7/%D8%AA%D9%85%D8%B1%DB%8C%D9%86%D8%A7%D8%AA%20%D8%AA%D9%86%D9%81%D8%B3%DB%8C/%DB%8C%DA%A9%20%D8%AF%D9%82%DB%8C%D9%82%D9%87%20%D8%AA%D9%88%D8%AC%D9%87%20%D8%A8%D9%87%20%D9%86%D9%81%D8%B3.html,206,799054
HTML,html ها/جعبه ابزار ریاضی,tool-casio991.html,tool-casio991.html,CASIO fx-991CW ClassWiz,52312,html ها/جعبه ابزار ریاضی/tool-casio991.html,html ها/جعبه ابزار ریاضی/tool-casio991.html,https://c539776.parspack.net/html%20%D9%87%D8%A7/%D8%AC%D8%B9%D8%A8%D9%87%20%D8%A7%D8%A8%D8%B2%D8%A7%D8%B1%20%D8%B1%DB%8C%D8%A7%D8%B6%DB%8C/tool-casio991.html,206,52312
HTML,html ها/جعبه ابزار ریاضی,tool-ti-nspire.html,tool-ti-nspire.html,TI-Nspire CX II-T CAS,65622,html ها/جعبه ابزار ریاضی/tool-ti-nspire.html,html ها/جعبه ابزار ریاضی/tool-ti-nspire.html,https://c539776.parspack.net/html%20%D9%87%D8%A7/%D8%AC%D8%B9%D8%A8%D9%87%20%D8%A7%D8%A8%D8%B2%D8%A7%D8%B1%20%D8%B1%DB%8C%D8%A7%D8%B6%DB%8C/tool-ti-nspire.html,206,65622
HTML,html ها/جعبه ابزار عمومی,tool-calendar.html,tool-calendar.html,تقویم,92934,html ها/جعبه ابزار عمومی/tool-calendar.html,html ها/جعبه ابزار عمومی/tool-calendar.html,https://c539776.parspack.net/html%20%D9%87%D8%A7/%D8%AC%D8%B9%D8%A8%D9%87%20%D8%A7%D8%A8%D8%B2%D8%A7%D8%B1%20%D8%B9%D9%85%D9%88%D9%85%DB%8C/tool-calendar.html,206,92934
HTML,html ها/جعبه ابزار عمومی,tool-converter.html,tool-converter.html,مبدل همه‌کاره مهندسی,37177,html ها/جعبه ابزار عمومی/tool-converter.html,html ها/جعبه ابزار عمومی/tool-converter.html,https://c539776.parspack.net/html%20%D9%87%D8%A7/%D8%AC%D8%B9%D8%A8%D9%87%20%D8%A7%D8%A8%D8%B2%D8%A7%D8%B1%20%D8%B9%D9%85%D9%88%D9%85%DB%8C/tool-converter.html,206,37177
HTML,html ها/جعبه ابزار عمومی,tool-dj120d.html,tool-dj120d.html,DJ-120D Plus,37612,html ها/جعبه ابزار عمومی/tool-dj120d.html,html ها/جعبه ابزار عمومی/tool-dj120d.html,https://c539776.parspack.net/html%20%D9%87%D8%A7/%D8%AC%D8%B9%D8%A8%D9%87%20%D8%A7%D8%A8%D8%B2%D8%A7%D8%B1%20%D8%B9%D9%85%D9%88%D9%85%DB%8C/tool-dj120d.html,206,37612
HTML,html ها/حرکات ورزشی,اسکوات آرام.html,spo-01,اسکوات آرام,1877551,html ها/حرکات ورزشی/اسکوات آرام.html,html ها/حرکات ورزشی/اسکوات آرام.html,https://c539776.parspack.net/html%20%D9%87%D8%A7/%D8%AD%D8%B1%DA%A9%D8%A7%D8%AA%20%D9%88%D8%B1%D8%B2%D8%B4%DB%8C/%D8%A7%D8%B3%DA%A9%D9%88%D8%A7%D8%AA%20%D8%A2%D8%B1%D8%A7%D9%85.html,206,1877551
HTML,html ها/حرکات ورزشی,بالا بردن پاشنه‌ها.html,spo-02,بالا بردن پاشنه‌ها,1722452,html ها/حرکات ورزشی/بالا بردن پاشنه‌ها.html,html ها/حرکات ورزشی/بالا بردن پاشنه‌ها.html,https://c539776.parspack.net/html%20%D9%87%D8%A7/%D8%AD%D8%B1%DA%A9%D8%A7%D8%AA%20%D9%88%D8%B1%D8%B2%D8%B4%DB%8C/%D8%A8%D8%A7%D9%84%D8%A7%20%D8%A8%D8%B1%D8%AF%D9%86%20%D9%BE%D8%A7%D8%B4%D9%86%D9%87%E2%80%8C%D9%87%D8%A7.html,206,1722452
HTML,html ها/حرکات ورزشی,جامپینگ‌جک بدون پرش.html,spo-03,جامپینگ‌جک بدون پرش,2164688,html ها/حرکات ورزشی/جامپینگ‌جک بدون پرش.html,html ها/حرکات ورزشی/جامپینگ‌جک بدون پرش.html,https://c539776.parspack.net/html%20%D9%87%D8%A7/%D8%AD%D8%B1%DA%A9%D8%A7%D8%AA%20%D9%88%D8%B1%D8%B2%D8%B4%DB%8C/%D8%AC%D8%A7%D9%85%D9%BE%DB%8C%D9%86%DA%AF%E2%80%8C%D8%AC%DA%A9%20%D8%A8%D8%AF%D9%88%D9%86%20%D9%BE%D8%B1%D8%B4.html,206,2164688
HTML,html ها/حرکات ورزشی,سوپرمنِ دست‌وپای مخالف.html,spo-04,سوپرمنِ دست‌وپای مخالف,2115155,html ها/حرکات ورزشی/سوپرمنِ دست‌وپای مخالف.html,html ها/حرکات ورزشی/سوپرمنِ دست‌وپای مخالف.html,https://c539776.parspack.net/html%20%D9%87%D8%A7/%D8%AD%D8%B1%DA%A9%D8%A7%D8%AA%20%D9%88%D8%B1%D8%B2%D8%B4%DB%8C/%D8%B3%D9%88%D9%BE%D8%B1%D9%85%D9%86%D9%90%20%D8%AF%D8%B3%D8%AA%E2%80%8C%D9%88%D9%BE%D8%A7%DB%8C%20%D9%85%D8%AE%D8%A7%D9%84%D9%81.html,206,2115155
HTML,html ها/حرکات ورزشی,لانگز آرام.html,spo-05,لانگز آرام,3098701,html ها/حرکات ورزشی/لانگز آرام.html,html ها/حرکات ورزشی/لانگز آرام.html,https://c539776.parspack.net/html%20%D9%87%D8%A7/%D8%AD%D8%B1%DA%A9%D8%A7%D8%AA%20%D9%88%D8%B1%D8%B2%D8%B4%DB%8C/%D9%84%D8%A7%D9%86%DA%AF%D8%B2%20%D8%A2%D8%B1%D8%A7%D9%85.html,206,3098701
HTML,html ها/حرکات ورزشی,پلانک روی زانو.html,spo-06,پلانک روی زانو,1986478,html ها/حرکات ورزشی/پلانک روی زانو.html,html ها/حرکات ورزشی/پلانک روی زانو.html,https://c539776.parspack.net/html%20%D9%87%D8%A7/%D8%AD%D8%B1%DA%A9%D8%A7%D8%AA%20%D9%88%D8%B1%D8%B2%D8%B4%DB%8C/%D9%BE%D9%84%D8%A7%D9%86%DA%A9%20%D8%B1%D9%88%DB%8C%20%D8%B2%D8%A7%D9%86%D9%88.html,206,1986478
HTML,html ها/حرکات ورزشی,چرخش مچ دست و پا.html,spo-07,چرخش مچ دست و پا,3355619,html ها/حرکات ورزشی/چرخش مچ دست و پا.html,html ها/حرکات ورزشی/چرخش مچ دست و پا.html,https://c539776.parspack.net/html%20%D9%87%D8%A7/%D8%AD%D8%B1%DA%A9%D8%A7%D8%AA%20%D9%88%D8%B1%D8%B2%D8%B4%DB%8C/%DA%86%D8%B1%D8%AE%D8%B4%20%D9%85%DA%86%20%D8%AF%D8%B3%D8%AA%20%D9%88%20%D9%BE%D8%A7.html,206,3355619
HTML,html ها/حرکات ورزشی,چرخش کوچک تنه.html,spo-08,چرخش کوچک تنه,1822033,html ها/حرکات ورزشی/چرخش کوچک تنه.html,html ها/حرکات ورزشی/چرخش کوچک تنه.html,https://c539776.parspack.net/html%20%D9%87%D8%A7/%D8%AD%D8%B1%DA%A9%D8%A7%D8%AA%20%D9%88%D8%B1%D8%B2%D8%B4%DB%8C/%DA%86%D8%B1%D8%AE%D8%B4%20%DA%A9%D9%88%DA%86%DA%A9%20%D8%AA%D9%86%D9%87.html,206,1822033
HTML,html ها/حرکات ورزشی,کرانچ ملایم.html,spo-09,کرانچ ملایم,1902392,html ها/حرکات ورزشی/کرانچ ملایم.html,html ها/حرکات ورزشی/کرانچ ملایم.html,https://c539776.parspack.net/html%20%D9%87%D8%A7/%D8%AD%D8%B1%DA%A9%D8%A7%D8%AA%20%D9%88%D8%B1%D8%B2%D8%B4%DB%8C/%DA%A9%D8%B1%D8%A7%D9%86%DA%86%20%D9%85%D9%84%D8%A7%DB%8C%D9%85.html,206,1902392
HTML,html ها/حرکات ورزشی,کشش ساق به دیوار.html,spo-10,کشش ساق به دیوار,2280448,html ها/حرکات ورزشی/کشش ساق به دیوار.html,html ها/حرکات ورزشی/کشش ساق به دیوار.html,https://c539776.parspack.net/html%20%D9%87%D8%A7/%D8%AD%D8%B1%DA%A9%D8%A7%D8%AA%20%D9%88%D8%B1%D8%B2%D8%B4%DB%8C/%DA%A9%D8%B4%D8%B4%20%D8%B3%D8%A7%D9%82%20%D8%A8%D9%87%20%D8%AF%DB%8C%D9%88%D8%A7%D8%B1.html,206,2280448
HTML,html ها/حرکات ورزشی,کشش شانهٔ ضربدری.html,spo-11,کشش شانهٔ ضربدری,2217260,html ها/حرکات ورزشی/کشش شانهٔ ضربدری.html,html ها/حرکات ورزشی/کشش شانهٔ ضربدری.html,https://c539776.parspack.net/html%20%D9%87%D8%A7/%D8%AD%D8%B1%DA%A9%D8%A7%D8%AA%20%D9%88%D8%B1%D8%B2%D8%B4%DB%8C/%DA%A9%D8%B4%D8%B4%20%D8%B4%D8%A7%D9%86%D9%87%D9%94%20%D8%B6%D8%B1%D8%A8%D8%AF%D8%B1%DB%8C.html,206,2217260
HTML,html ها/حرکات ورزشی,کشش ملایم گردن.html,spo-12,کشش ملایم گردن,1733357,html ها/حرکات ورزشی/کشش ملایم گردن.html,html ها/حرکات ورزشی/کشش ملایم گردن.html,https://c539776.parspack.net/html%20%D9%87%D8%A7/%D8%AD%D8%B1%DA%A9%D8%A7%D8%AA%20%D9%88%D8%B1%D8%B2%D8%B4%DB%8C/%DA%A9%D8%B4%D8%B4%20%D9%85%D9%84%D8%A7%DB%8C%D9%85%20%DA%AF%D8%B1%D8%AF%D9%86.html,206,1733357
HTML,html ها/حرکات ورزشی,کشش مچ و ساعد.html,spo-13,کشش مچ و ساعد,3390942,html ها/حرکات ورزشی/کشش مچ و ساعد.html,html ها/حرکات ورزشی/کشش مچ و ساعد.html,https://c539776.parspack.net/html%20%D9%87%D8%A7/%D8%AD%D8%B1%DA%A9%D8%A7%D8%AA%20%D9%88%D8%B1%D8%B2%D8%B4%DB%8C/%DA%A9%D8%B4%D8%B4%20%D9%85%DA%86%20%D9%88%20%D8%B3%D8%A7%D8%B9%D8%AF.html,206,3390942
HTML,html ها/حرکات ورزشی,کشش همسترینگ نشسته.html,spo-14,کشش همسترینگ نشسته,2349882,html ها/حرکات ورزشی/کشش همسترینگ نشسته.html,html ها/حرکات ورزشی/کشش همسترینگ نشسته.html,https://c539776.parspack.net/html%20%D9%87%D8%A7/%D8%AD%D8%B1%DA%A9%D8%A7%D8%AA%20%D9%88%D8%B1%D8%B2%D8%B4%DB%8C/%DA%A9%D8%B4%D8%B4%20%D9%87%D9%85%D8%B3%D8%AA%D8%B1%DB%8C%D9%86%DA%AF%20%D9%86%D8%B4%D8%B3%D8%AA%D9%87.html,206,2349882
HTML,html ها/حرکات ورزشی,کشش پروانه.html,spo-15,کشش پروانه,1539859,html ها/حرکات ورزشی/کشش پروانه.html,html ها/حرکات ورزشی/کشش پروانه.html,https://c539776.parspack.net/html%20%D9%87%D8%A7/%D8%AD%D8%B1%DA%A9%D8%A7%D8%AA%20%D9%88%D8%B1%D8%B2%D8%B4%DB%8C/%DA%A9%D8%B4%D8%B4%20%D9%BE%D8%B1%D9%88%D8%A7%D9%86%D9%87.html,206,1539859
HTML,html ها/یوگا,01 - حالت کودک.html,yga-01,حالت کودک,1785734,html ها/یوگا/01 - حالت کودک.html,html ها/یوگا/01 - حالت کودک.html,https://c539776.parspack.net/html%20%D9%87%D8%A7/%DB%8C%D9%88%DA%AF%D8%A7/01%20-%20%D8%AD%D8%A7%D9%84%D8%AA%20%DA%A9%D9%88%D8%AF%DA%A9.html,206,1785734
HTML,html ها/یوگا,02 - گربه–گاو.html,yga-02,گربه–گاو,2222067,html ها/یوگا/02 - گربه–گاو.html,html ها/یوگا/02 - گربه–گاو.html,https://c539776.parspack.net/html%20%D9%87%D8%A7/%DB%8C%D9%88%DA%AF%D8%A7/02%20-%20%DA%AF%D8%B1%D8%A8%D9%87%E2%80%93%DA%AF%D8%A7%D9%88.html,206,2222067
HTML,html ها/یوگا,03 - سگ سر پایین.html,yga-03,سگ سر پایین,2135945,html ها/یوگا/03 - سگ سر پایین.html,html ها/یوگا/03 - سگ سر پایین.html,https://c539776.parspack.net/html%20%D9%87%D8%A7/%DB%8C%D9%88%DA%AF%D8%A7/03%20-%20%D8%B3%DA%AF%20%D8%B3%D8%B1%20%D9%BE%D8%A7%DB%8C%DB%8C%D9%86.html,206,2135945
HTML,html ها/یوگا,04 - کبرای ملایم.html,yga-04,کبرای ملایم,2573042,html ها/یوگا/04 - کبرای ملایم.html,html ها/یوگا/04 - کبرای ملایم.html,https://c539776.parspack.net/html%20%D9%87%D8%A7/%DB%8C%D9%88%DA%AF%D8%A7/04%20-%20%DA%A9%D8%A8%D8%B1%D8%A7%DB%8C%20%D9%85%D9%84%D8%A7%DB%8C%D9%85.html,206,2573042
HTML,html ها/یوگا,05 - جنگجوی یک.html,yga-05,جنگجوی یک,3170047,html ها/یوگا/05 - جنگجوی یک.html,html ها/یوگا/05 - جنگجوی یک.html,https://c539776.parspack.net/html%20%D9%87%D8%A7/%DB%8C%D9%88%DA%AF%D8%A7/05%20-%20%D8%AC%D9%86%DA%AF%D8%AC%D9%88%DB%8C%20%DB%8C%DA%A9.html,206,3170047
HTML,html ها/یوگا,06 - جنگجوی دو.html,yga-06,جنگجوی دو,3173262,html ها/یوگا/06 - جنگجوی دو.html,html ها/یوگا/06 - جنگجوی دو.html,https://c539776.parspack.net/html%20%D9%87%D8%A7/%DB%8C%D9%88%DA%AF%D8%A7/06%20-%20%D8%AC%D9%86%DA%AF%D8%AC%D9%88%DB%8C%20%D8%AF%D9%88.html,206,3173262
HTML,html ها/یوگا,07 - درخت.html,yga-07,درخت,2457416,html ها/یوگا/07 - درخت.html,html ها/یوگا/07 - درخت.html,https://c539776.parspack.net/html%20%D9%87%D8%A7/%DB%8C%D9%88%DA%AF%D8%A7/07%20-%20%D8%AF%D8%B1%D8%AE%D8%AA.html,206,2457416
HTML,html ها/یوگا,08 - پل.html,yga-08,پل,1925230,html ها/یوگا/08 - پل.html,html ها/یوگا/08 - پل.html,https://c539776.parspack.net/html%20%D9%87%D8%A7/%DB%8C%D9%88%DA%AF%D8%A7/08%20-%20%D9%BE%D9%84.html,206,1925230
HTML,html ها/یوگا,09 - چرخش نشسته.html,yga-09,چرخش نشسته,2938493,html ها/یوگا/09 - چرخش نشسته.html,html ها/یوگا/09 - چرخش نشسته.html,https://c539776.parspack.net/html%20%D9%87%D8%A7/%DB%8C%D9%88%DA%AF%D8%A7/09%20-%20%DA%86%D8%B1%D8%AE%D8%B4%20%D9%86%D8%B4%D8%B3%D8%AA%D9%87.html,206,2938493
HTML,html ها/یوگا,10 - حالت کودک با زانوهای باز.html,yga-10,حالت کودک با زانوهای باز,2109193,html ها/یوگا/10 - حالت کودک با زانوهای باز.html,html ها/یوگا/10 - حالت کودک با زانوهای باز.html,https://c539776.parspack.net/html%20%D9%87%D8%A7/%DB%8C%D9%88%DA%AF%D8%A7/10%20-%20%D8%AD%D8%A7%D9%84%D8%AA%20%DA%A9%D9%88%D8%AF%DA%A9%20%D8%A8%D8%A7%20%D8%B2%D8%A7%D9%86%D9%88%D9%87%D8%A7%DB%8C%20%D8%A8%D8%A7%D8%B2.html,206,2109193
HTML,html ها/یوگا,11 - کبوتر حمایت‌شده.html,yga-11,کبوتر حمایت‌شده,3582641,html ها/یوگا/11 - کبوتر حمایت‌شده.html,html ها/یوگا/11 - کبوتر حمایت‌شده.html,https://c539776.parspack.net/html%20%D9%87%D8%A7/%DB%8C%D9%88%DA%AF%D8%A7/11%20-%20%DA%A9%D8%A8%D9%88%D8%AA%D8%B1%20%D8%AD%D9%85%D8%A7%DB%8C%D8%AA%E2%80%8C%D8%B4%D8%AF%D9%87.html,206,3582641
HTML,html ها/یوگا,12 - مثلث.html,yga-12,مثلث,2968391,html ها/یوگا/12 - مثلث.html,html ها/یوگا/12 - مثلث.html,https://c539776.parspack.net/html%20%D9%87%D8%A7/%DB%8C%D9%88%DA%AF%D8%A7/12%20-%20%D9%85%D8%AB%D9%84%D8%AB.html,206,2968391
HTML,html ها/یوگا,13 - استراحت به پشت.html,yga-13,استراحت به پشت,3637155,html ها/یوگا/13 - استراحت به پشت.html,html ها/یوگا/13 - استراحت به پشت.html,https://c539776.parspack.net/html%20%D9%87%D8%A7/%DB%8C%D9%88%DA%AF%D8%A7/13%20-%20%D8%A7%D8%B3%D8%AA%D8%B1%D8%A7%D8%AD%D8%AA%20%D8%A8%D9%87%20%D9%BE%D8%B4%D8%AA.html,206,3637155
HTML,html ها/یوگا,14 - نیم‌قایق با زانوهای خم.html,yga-14,نیم‌قایق با زانوهای خم,2798394,html ها/یوگا/14 - نیم‌قایق با زانوهای خم.html,html ها/یوگا/14 - نیم‌قایق با زانوهای خم.html,https://c539776.parspack.net/html%20%D9%87%D8%A7/%DB%8C%D9%88%DA%AF%D8%A7/14%20-%20%D9%86%DB%8C%D9%85%E2%80%8C%D9%82%D8%A7%DB%8C%D9%82%20%D8%A8%D8%A7%20%D8%B2%D8%A7%D9%86%D9%88%D9%87%D8%A7%DB%8C%20%D8%AE%D9%85.html,206,2798394
HTML,html ها/یوگا,15 - خم‌شدن به جلو ایستاده.html,yga-15,خم‌شدن به جلو ایستاده,2254608,html ها/یوگا/15 - خم‌شدن به جلو ایستاده.html,html ها/یوگا/15 - خم‌شدن به جلو ایستاده.html,https://c539776.parspack.net/html%20%D9%87%D8%A7/%DB%8C%D9%88%DA%AF%D8%A7/15%20-%20%D8%AE%D9%85%E2%80%8C%D8%B4%D8%AF%D9%86%20%D8%A8%D9%87%20%D8%AC%D9%84%D9%88%20%D8%A7%DB%8C%D8%B3%D8%AA%D8%A7%D8%AF%D9%87.html,206,2254608
JPG,common/mirror,ex-01.jpg,ex-01.jpg,,60070,common/mirror/ex-01.jpg,,https://c539776.parspack.net/common/mirror/ex-01.jpg,404,367
JPG,common/mirror,ex-02.jpg,ex-02.jpg,,68627,common/mirror/ex-02.jpg,,https://c539776.parspack.net/common/mirror/ex-02.jpg,404,367
JPG,common/mirror,ex-03.jpg,ex-03.jpg,,72241,common/mirror/ex-03.jpg,,https://c539776.parspack.net/common/mirror/ex-03.jpg,404,367
JPG,common/mirror,ex-04.jpg,ex-04.jpg,,78362,common/mirror/ex-04.jpg,,https://c539776.parspack.net/common/mirror/ex-04.jpg,404,367
JPG,common/mirror,ex-05.jpg,ex-05.jpg,,61681,common/mirror/ex-05.jpg,,https://c539776.parspack.net/common/mirror/ex-05.jpg,404,367
JPG,common/mirror,ex-06.jpg,ex-06.jpg,,52979,common/mirror/ex-06.jpg,,https://c539776.parspack.net/common/mirror/ex-06.jpg,404,367
JPG,common/mirror,ex-07.jpg,ex-07.jpg,,92647,common/mirror/ex-07.jpg,,https://c539776.parspack.net/common/mirror/ex-07.jpg,404,367
JPG,common/mirror,ex-08.jpg,ex-08.jpg,,87060,common/mirror/ex-08.jpg,,https://c539776.parspack.net/common/mirror/ex-08.jpg,404,367
JPG,common/mirror,ex-09.jpg,ex-09.jpg,,65664,common/mirror/ex-09.jpg,,https://c539776.parspack.net/common/mirror/ex-09.jpg,404,367
JPG,common/mirror,ex-10.jpg,ex-10.jpg,,60070,common/mirror/ex-10.jpg,,https://c539776.parspack.net/common/mirror/ex-10.jpg,404,367
JPG,common/mirror,ex-11.jpg,ex-11.jpg,,87060,common/mirror/ex-11.jpg,,https://c539776.parspack.net/common/mirror/ex-11.jpg,404,367
JPG,common/mirror,ex-12.jpg,ex-12.jpg,,87060,common/mirror/ex-12.jpg,,https://c539776.parspack.net/common/mirror/ex-12.jpg,404,367
JPG,common/mirror,ex-13.jpg,ex-13.jpg,,87060,common/mirror/ex-13.jpg,,https://c539776.parspack.net/common/mirror/ex-13.jpg,404,367
JPG,common/mirror,ex-14.jpg,ex-14.jpg,,75084,common/mirror/ex-14.jpg,,https://c539776.parspack.net/common/mirror/ex-14.jpg,404,367
JPG,common/mirror,ex-15.jpg,ex-15.jpg,,75722,common/mirror/ex-15.jpg,,https://c539776.parspack.net/common/mirror/ex-15.jpg,404,367
JPG,common/mirror,yg-01.jpg,yg-01.jpg,,138646,common/mirror/yg-01.jpg,,https://c539776.parspack.net/common/mirror/yg-01.jpg,404,367
JPG,common/mirror,yg-02.jpg,yg-02.jpg,,145643,common/mirror/yg-02.jpg,,https://c539776.parspack.net/common/mirror/yg-02.jpg,404,367
JPG,common/mirror,yg-03.jpg,yg-03.jpg,,152141,common/mirror/yg-03.jpg,,https://c539776.parspack.net/common/mirror/yg-03.jpg,404,367
JPG,common/mirror,yg-04.jpg,yg-04.jpg,,138382,common/mirror/yg-04.jpg,,https://c539776.parspack.net/common/mirror/yg-04.jpg,404,367
JPG,common/mirror,yg-07.jpg,yg-07.jpg,,165023,common/mirror/yg-07.jpg,,https://c539776.parspack.net/common/mirror/yg-07.jpg,404,367
JPG,common/mirror,yg-08.jpg,yg-08.jpg,,160246,common/mirror/yg-08.jpg,,https://c539776.parspack.net/common/mirror/yg-08.jpg,404,367
JPG,common/mirror,yg-09.jpg,yg-09.jpg,,147119,common/mirror/yg-09.jpg,,https://c539776.parspack.net/common/mirror/yg-09.jpg,404,367
JPG,common/mirror,yg-10.jpg,yg-10.jpg,,148467,common/mirror/yg-10.jpg,,https://c539776.parspack.net/common/mirror/yg-10.jpg,404,367
JPG,common/mirror,yg-11.jpg,yg-11.jpg,,164233,common/mirror/yg-11.jpg,,https://c539776.parspack.net/common/mirror/yg-11.jpg,404,367
JPG,common/mirror,yg-12.jpg,yg-12.jpg,,161303,common/mirror/yg-12.jpg,,https://c539776.parspack.net/common/mirror/yg-12.jpg,404,367
JPG,common/mirror,yg-13.jpg,yg-13.jpg,,164417,common/mirror/yg-13.jpg,,https://c539776.parspack.net/common/mirror/yg-13.jpg,404,367
JPG,common/mirror,yg-14.jpg,yg-14.jpg,,161737,common/mirror/yg-14.jpg,,https://c539776.parspack.net/common/mirror/yg-14.jpg,404,367
JPG,common/mirror,yg-15.jpg,yg-15.jpg,,167563,common/mirror/yg-15.jpg,,https://c539776.parspack.net/common/mirror/yg-15.jpg,404,367
JPG,عکس ها/حرکات ورزشی,اسکوات آرام.jpg,isp-01,اسکوات آرام,60070,عکس ها/حرکات ورزشی/اسکوات آرام.jpg,عکس ها/حرکات ورزشی/اسکوات آرام.jpg,https://c539776.parspack.net/%D8%B9%DA%A9%D8%B3%20%D9%87%D8%A7/%D8%AD%D8%B1%DA%A9%D8%A7%D8%AA%20%D9%88%D8%B1%D8%B2%D8%B4%DB%8C/%D8%A7%D8%B3%DA%A9%D9%88%D8%A7%D8%AA%20%D8%A2%D8%B1%D8%A7%D9%85.jpg,206,60070
JPG,عکس ها/حرکات ورزشی,بالا بردن پاشنه‌ها.jpg,isp-02,بالا بردن پاشنه‌ها,68627,عکس ها/حرکات ورزشی/بالا بردن پاشنه‌ها.jpg,عکس ها/حرکات ورزشی/بالا بردن پاشنه‌ها.jpg,https://c539776.parspack.net/%D8%B9%DA%A9%D8%B3%20%D9%87%D8%A7/%D8%AD%D8%B1%DA%A9%D8%A7%D8%AA%20%D9%88%D8%B1%D8%B2%D8%B4%DB%8C/%D8%A8%D8%A7%D9%84%D8%A7%20%D8%A8%D8%B1%D8%AF%D9%86%20%D9%BE%D8%A7%D8%B4%D9%86%D9%87%E2%80%8C%D9%87%D8%A7.jpg,206,68627
JPG,عکس ها/حرکات ورزشی,جامپینگ‌جک بدون پرش.jpg,isp-03,جامپینگ‌جک بدون پرش,72241,عکس ها/حرکات ورزشی/جامپینگ‌جک بدون پرش.jpg,عکس ها/حرکات ورزشی/جامپینگ‌جک بدون پرش.jpg,https://c539776.parspack.net/%D8%B9%DA%A9%D8%B3%20%D9%87%D8%A7/%D8%AD%D8%B1%DA%A9%D8%A7%D8%AA%20%D9%88%D8%B1%D8%B2%D8%B4%DB%8C/%D8%AC%D8%A7%D9%85%D9%BE%DB%8C%D9%86%DA%AF%E2%80%8C%D8%AC%DA%A9%20%D8%A8%D8%AF%D9%88%D9%86%20%D9%BE%D8%B1%D8%B4.jpg,206,72241
JPG,عکس ها/حرکات ورزشی,سوپرمنِ دست‌وپای مخالف.jpg,isp-04,سوپرمنِ دست‌وپای مخالف,78362,عکس ها/حرکات ورزشی/سوپرمنِ دست‌وپای مخالف.jpg,عکس ها/حرکات ورزشی/سوپرمنِ دست‌وپای مخالف.jpg,https://c539776.parspack.net/%D8%B9%DA%A9%D8%B3%20%D9%87%D8%A7/%D8%AD%D8%B1%DA%A9%D8%A7%D8%AA%20%D9%88%D8%B1%D8%B2%D8%B4%DB%8C/%D8%B3%D9%88%D9%BE%D8%B1%D9%85%D9%86%D9%90%20%D8%AF%D8%B3%D8%AA%E2%80%8C%D9%88%D9%BE%D8%A7%DB%8C%20%D9%85%D8%AE%D8%A7%D9%84%D9%81.jpg,206,78362
JPG,عکس ها/حرکات ورزشی,لانگز آرام.jpg,isp-05,لانگز آرام,61681,عکس ها/حرکات ورزشی/لانگز آرام.jpg,عکس ها/حرکات ورزشی/لانگز آرام.jpg,https://c539776.parspack.net/%D8%B9%DA%A9%D8%B3%20%D9%87%D8%A7/%D8%AD%D8%B1%DA%A9%D8%A7%D8%AA%20%D9%88%D8%B1%D8%B2%D8%B4%DB%8C/%D9%84%D8%A7%D9%86%DA%AF%D8%B2%20%D8%A2%D8%B1%D8%A7%D9%85.jpg,206,61681
JPG,عکس ها/حرکات ورزشی,پلانک روی زانو.jpg,isp-06,پلانک روی زانو,52979,عکس ها/حرکات ورزشی/پلانک روی زانو.jpg,عکس ها/حرکات ورزشی/پلانک روی زانو.jpg,https://c539776.parspack.net/%D8%B9%DA%A9%D8%B3%20%D9%87%D8%A7/%D8%AD%D8%B1%DA%A9%D8%A7%D8%AA%20%D9%88%D8%B1%D8%B2%D8%B4%DB%8C/%D9%BE%D9%84%D8%A7%D9%86%DA%A9%20%D8%B1%D9%88%DB%8C%20%D8%B2%D8%A7%D9%86%D9%88.jpg,206,52979
JPG,عکس ها/حرکات ورزشی,چرخش مچ دست و پا.jpg,isp-07,چرخش مچ دست و پا,92647,عکس ها/حرکات ورزشی/چرخش مچ دست و پا.jpg,عکس ها/حرکات ورزشی/چرخش مچ دست و پا.jpg,https://c539776.parspack.net/%D8%B9%DA%A9%D8%B3%20%D9%87%D8%A7/%D8%AD%D8%B1%DA%A9%D8%A7%D8%AA%20%D9%88%D8%B1%D8%B2%D8%B4%DB%8C/%DA%86%D8%B1%D8%AE%D8%B4%20%D9%85%DA%86%20%D8%AF%D8%B3%D8%AA%20%D9%88%20%D9%BE%D8%A7.jpg,206,92647
JPG,عکس ها/حرکات ورزشی,چرخش کوچک تنه.jpg,isp-08,چرخش کوچک تنه,87060,عکس ها/حرکات ورزشی/چرخش کوچک تنه.jpg,عکس ها/حرکات ورزشی/چرخش کوچک تنه.jpg,https://c539776.parspack.net/%D8%B9%DA%A9%D8%B3%20%D9%87%D8%A7/%D8%AD%D8%B1%DA%A9%D8%A7%D8%AA%20%D9%88%D8%B1%D8%B2%D8%B4%DB%8C/%DA%86%D8%B1%D8%AE%D8%B4%20%DA%A9%D9%88%DA%86%DA%A9%20%D8%AA%D9%86%D9%87.jpg,206,87060
JPG,عکس ها/حرکات ورزشی,کرانچ ملایم.jpg,isp-09,کرانچ ملایم,65664,عکس ها/حرکات ورزشی/کرانچ ملایم.jpg,عکس ها/حرکات ورزشی/کرانچ ملایم.jpg,https://c539776.parspack.net/%D8%B9%DA%A9%D8%B3%20%D9%87%D8%A7/%D8%AD%D8%B1%DA%A9%D8%A7%D8%AA%20%D9%88%D8%B1%D8%B2%D8%B4%DB%8C/%DA%A9%D8%B1%D8%A7%D9%86%DA%86%20%D9%85%D9%84%D8%A7%DB%8C%D9%85.jpg,206,65664
JPG,عکس ها/حرکات ورزشی,کشش ساق به دیوار.jpg,isp-10,کشش ساق به دیوار,60070,عکس ها/حرکات ورزشی/کشش ساق به دیوار.jpg,عکس ها/حرکات ورزشی/کشش ساق به دیوار.jpg,https://c539776.parspack.net/%D8%B9%DA%A9%D8%B3%20%D9%87%D8%A7/%D8%AD%D8%B1%DA%A9%D8%A7%D8%AA%20%D9%88%D8%B1%D8%B2%D8%B4%DB%8C/%DA%A9%D8%B4%D8%B4%20%D8%B3%D8%A7%D9%82%20%D8%A8%D9%87%20%D8%AF%DB%8C%D9%88%D8%A7%D8%B1.jpg,206,60070
JPG,عکس ها/حرکات ورزشی,کشش شانهٔ ضربدری.jpg,isp-11,کشش شانهٔ ضربدری,87060,عکس ها/حرکات ورزشی/کشش شانهٔ ضربدری.jpg,عکس ها/حرکات ورزشی/کشش شانهٔ ضربدری.jpg,https://c539776.parspack.net/%D8%B9%DA%A9%D8%B3%20%D9%87%D8%A7/%D8%AD%D8%B1%DA%A9%D8%A7%D8%AA%20%D9%88%D8%B1%D8%B2%D8%B4%DB%8C/%DA%A9%D8%B4%D8%B4%20%D8%B4%D8%A7%D9%86%D9%87%D9%94%20%D8%B6%D8%B1%D8%A8%D8%AF%D8%B1%DB%8C.jpg,206,87060
JPG,عکس ها/حرکات ورزشی,کشش ملایم گردن.jpg,isp-12,کشش ملایم گردن,87060,عکس ها/حرکات ورزشی/کشش ملایم گردن.jpg,عکس ها/حرکات ورزشی/کشش ملایم گردن.jpg,https://c539776.parspack.net/%D8%B9%DA%A9%D8%B3%20%D9%87%D8%A7/%D8%AD%D8%B1%DA%A9%D8%A7%D8%AA%20%D9%88%D8%B1%D8%B2%D8%B4%DB%8C/%DA%A9%D8%B4%D8%B4%20%D9%85%D9%84%D8%A7%DB%8C%D9%85%20%DA%AF%D8%B1%D8%AF%D9%86.jpg,206,87060
JPG,عکس ها/حرکات ورزشی,کشش مچ و ساعد.jpg,isp-13,کشش مچ و ساعد,87060,عکس ها/حرکات ورزشی/کشش مچ و ساعد.jpg,عکس ها/حرکات ورزشی/کشش مچ و ساعد.jpg,https://c539776.parspack.net/%D8%B9%DA%A9%D8%B3%20%D9%87%D8%A7/%D8%AD%D8%B1%DA%A9%D8%A7%D8%AA%20%D9%88%D8%B1%D8%B2%D8%B4%DB%8C/%DA%A9%D8%B4%D8%B4%20%D9%85%DA%86%20%D9%88%20%D8%B3%D8%A7%D8%B9%D8%AF.jpg,206,87060
JPG,عکس ها/حرکات ورزشی,کشش همسترینگ نشسته.jpg,isp-14,کشش همسترینگ نشسته,75084,عکس ها/حرکات ورزشی/کشش همسترینگ نشسته.jpg,عکس ها/حرکات ورزشی/کشش همسترینگ نشسته.jpg,https://c539776.parspack.net/%D8%B9%DA%A9%D8%B3%20%D9%87%D8%A7/%D8%AD%D8%B1%DA%A9%D8%A7%D8%AA%20%D9%88%D8%B1%D8%B2%D8%B4%DB%8C/%DA%A9%D8%B4%D8%B4%20%D9%87%D9%85%D8%B3%D8%AA%D8%B1%DB%8C%D9%86%DA%AF%20%D9%86%D8%B4%D8%B3%D8%AA%D9%87.jpg,206,75084
JPG,عکس ها/حرکات ورزشی,کشش پروانه.jpg,isp-15,کشش پروانه,75722,عکس ها/حرکات ورزشی/کشش پروانه.jpg,عکس ها/حرکات ورزشی/کشش پروانه.jpg,https://c539776.parspack.net/%D8%B9%DA%A9%D8%B3%20%D9%87%D8%A7/%D8%AD%D8%B1%DA%A9%D8%A7%D8%AA%20%D9%88%D8%B1%D8%B2%D8%B4%DB%8C/%DA%A9%D8%B4%D8%B4%20%D9%BE%D8%B1%D9%88%D8%A7%D9%86%D9%87.jpg,206,75722
JPG,عکس ها/یوگا,01.jpg,iyg-01,01,138646,عکس ها/یوگا/01.jpg,عکس ها/یوگا/01.jpg,https://c539776.parspack.net/%D8%B9%DA%A9%D8%B3%20%D9%87%D8%A7/%DB%8C%D9%88%DA%AF%D8%A7/01.jpg,206,138646
JPG,عکس ها/یوگا,02.jpg,iyg-02,02,145643,عکس ها/یوگا/02.jpg,عکس ها/یوگا/02.jpg,https://c539776.parspack.net/%D8%B9%DA%A9%D8%B3%20%D9%87%D8%A7/%DB%8C%D9%88%DA%AF%D8%A7/02.jpg,206,145643
JPG,عکس ها/یوگا,03.jpg,iyg-03,03,152141,عکس ها/یوگا/03.jpg,عکس ها/یوگا/03.jpg,https://c539776.parspack.net/%D8%B9%DA%A9%D8%B3%20%D9%87%D8%A7/%DB%8C%D9%88%DA%AF%D8%A7/03.jpg,206,152141
JPG,عکس ها/یوگا,04.jpg,iyg-04,04,138382,عکس ها/یوگا/04.jpg,عکس ها/یوگا/04.jpg,https://c539776.parspack.net/%D8%B9%DA%A9%D8%B3%20%D9%87%D8%A7/%DB%8C%D9%88%DA%AF%D8%A7/04.jpg,206,138382
JPG,عکس ها/یوگا,07.jpg,iyg-05,07,165023,عکس ها/یوگا/07.jpg,عکس ها/یوگا/07.jpg,https://c539776.parspack.net/%D8%B9%DA%A9%D8%B3%20%D9%87%D8%A7/%DB%8C%D9%88%DA%AF%D8%A7/07.jpg,206,165023
JPG,عکس ها/یوگا,08.jpg,iyg-06,08,160246,عکس ها/یوگا/08.jpg,عکس ها/یوگا/08.jpg,https://c539776.parspack.net/%D8%B9%DA%A9%D8%B3%20%D9%87%D8%A7/%DB%8C%D9%88%DA%AF%D8%A7/08.jpg,206,160246
JPG,عکس ها/یوگا,09.jpg,iyg-07,09,147119,عکس ها/یوگا/09.jpg,عکس ها/یوگا/09.jpg,https://c539776.parspack.net/%D8%B9%DA%A9%D8%B3%20%D9%87%D8%A7/%DB%8C%D9%88%DA%AF%D8%A7/09.jpg,206,147119
JPG,عکس ها/یوگا,10.jpg,iyg-08,10,148467,عکس ها/یوگا/10.jpg,عکس ها/یوگا/10.jpg,https://c539776.parspack.net/%D8%B9%DA%A9%D8%B3%20%D9%87%D8%A7/%DB%8C%D9%88%DA%AF%D8%A7/10.jpg,206,148467
JPG,عکس ها/یوگا,11.jpg,iyg-09,11,164233,عکس ها/یوگا/11.jpg,عکس ها/یوگا/11.jpg,https://c539776.parspack.net/%D8%B9%DA%A9%D8%B3%20%D9%87%D8%A7/%DB%8C%D9%88%DA%AF%D8%A7/11.jpg,206,164233
JPG,عکس ها/یوگا,12.jpg,iyg-10,12,161303,عکس ها/یوگا/12.jpg,عکس ها/یوگا/12.jpg,https://c539776.parspack.net/%D8%B9%DA%A9%D8%B3%20%D9%87%D8%A7/%DB%8C%D9%88%DA%AF%D8%A7/12.jpg,206,161303
JPG,عکس ها/یوگا,13.jpg,iyg-11,13,164417,عکس ها/یوگا/13.jpg,عکس ها/یوگا/13.jpg,https://c539776.parspack.net/%D8%B9%DA%A9%D8%B3%20%D9%87%D8%A7/%DB%8C%D9%88%DA%AF%D8%A7/13.jpg,206,164417
JPG,عکس ها/یوگا,14.jpg,iyg-12,14,161737,عکس ها/یوگا/14.jpg,عکس ها/یوگا/14.jpg,https://c539776.parspack.net/%D8%B9%DA%A9%D8%B3%20%D9%87%D8%A7/%DB%8C%D9%88%DA%AF%D8%A7/14.jpg,206,161737
JPG,عکس ها/یوگا,15.jpg,iyg-13,15,167563,عکس ها/یوگا/15.jpg,عکس ها/یوگا/15.jpg,https://c539776.parspack.net/%D8%B9%DA%A9%D8%B3%20%D9%87%D8%A7/%DB%8C%D9%88%DA%AF%D8%A7/15.jpg,206,167563
MP3,grades/grade9/study,ryazif01d01.mp3,ryazif01d01.mp3,,23947850,grades/grade9/study/ryazif01d01.mp3,,https://c539776.parspack.net/grades/grade9/study/ryazif01d01.mp3,206,23947850
MP3,grades/grade9/study,ryazif01d02.mp3,ryazif01d02.mp3,,27903834,grades/grade9/study/ryazif01d02.mp3,,https://c539776.parspack.net/grades/grade9/study/ryazif01d02.mp3,206,27903834
MP3,grades/grade9/study,ryazif01d03.mp3,ryazif01d03.mp3,,30313368,grades/grade9/study/ryazif01d03.mp3,,https://c539776.parspack.net/grades/grade9/study/ryazif01d03.mp3,206,30313368
MP3,grades/grade9/study,ryazif01d04.mp3,ryazif01d04.mp3,,29046116,grades/grade9/study/ryazif01d04.mp3,,https://c539776.parspack.net/grades/grade9/study/ryazif01d04.mp3,206,29046116
MP3,grades/grade9/study,ryazif01review.mp3,ryazif01review.mp3,,22474544,grades/grade9/study/ryazif01review.mp3,,https://c539776.parspack.net/grades/grade9/study/ryazif01review.mp3,206,22474544
MP3,grades/grade9/study,ryazif02d01.mp3,ryazif02d01.mp3,,32199974,grades/grade9/study/ryazif02d01.mp3,,https://c539776.parspack.net/grades/grade9/study/ryazif02d01.mp3,206,32199974
MP3,grades/grade9/study,ryazif02d02.mp3,ryazif02d02.mp3,,24741554,grades/grade9/study/ryazif02d02.mp3,,https://c539776.parspack.net/grades/grade9/study/ryazif02d02.mp3,206,24741554
MP3,grades/grade9/study,ryazif02d03.mp3,ryazif02d03.mp3,,33351514,grades/grade9/study/ryazif02d03.mp3,,https://c539776.parspack.net/grades/grade9/study/ryazif02d03.mp3,206,33351514
PDF,PDF ها,C905-fehrest.pdf,C905-fehrest.pdf,فهرست ریاضی نهم,147514,PDF ها/C905-fehrest.pdf,PDF ها/C905-fehrest.pdf,https://c539776.parspack.net/PDF%20%D9%87%D8%A7/C905-fehrest.pdf,404,371
PDF,PDF ها,C905f01d01.pdf,C905f01d01.pdf,ریاضی نهم — فصل 01، درس 01,154953,PDF ها/C905f01d01.pdf,PDF ها/C905f01d01.pdf,https://c539776.parspack.net/PDF%20%D9%87%D8%A7/C905f01d01.pdf,404,367
PDF,PDF ها,C905f01d02.pdf,C905f01d02.pdf,ریاضی نهم — فصل 01، درس 02,232242,PDF ها/C905f01d02.pdf,PDF ها/C905f01d02.pdf,https://c539776.parspack.net/PDF%20%D9%87%D8%A7/C905f01d02.pdf,404,367
PDF,PDF ها,C905f01d03.pdf,C905f01d03.pdf,ریاضی نهم — فصل 01، درس 03,226450,PDF ها/C905f01d03.pdf,PDF ها/C905f01d03.pdf,https://c539776.parspack.net/PDF%20%D9%87%D8%A7/C905f01d03.pdf,404,367
PDF,PDF ها,C905f01d04.pdf,C905f01d04.pdf,ریاضی نهم — فصل 01، درس 04,250664,PDF ها/C905f01d04.pdf,PDF ها/C905f01d04.pdf,https://c539776.parspack.net/PDF%20%D9%87%D8%A7/C905f01d04.pdf,404,367
PDF,PDF ها,C905f02d01.pdf,C905f02d01.pdf,ریاضی نهم — فصل 02، درس 01,258210,PDF ها/C905f02d01.pdf,PDF ها/C905f02d01.pdf,https://c539776.parspack.net/PDF%20%D9%87%D8%A7/C905f02d01.pdf,404,367
PDF,PDF ها,C905f02d02.pdf,C905f02d02.pdf,ریاضی نهم — فصل 02، درس 02,318252,PDF ها/C905f02d02.pdf,PDF ها/C905f02d02.pdf,https://c539776.parspack.net/PDF%20%D9%87%D8%A7/C905f02d02.pdf,404,367
PDF,PDF ها,C905f02d03.pdf,C905f02d03.pdf,ریاضی نهم — فصل 02، درس 03,284704,PDF ها/C905f02d03.pdf,PDF ها/C905f02d03.pdf,https://c539776.parspack.net/PDF%20%D9%87%D8%A7/C905f02d03.pdf,404,367
PDF,PDF ها,C905f03d01.pdf,C905f03d01.pdf,ریاضی نهم — فصل 03، درس 01,125341,PDF ها/C905f03d01.pdf,PDF ها/C905f03d01.pdf,https://c539776.parspack.net/PDF%20%D9%87%D8%A7/C905f03d01.pdf,404,367
PDF,PDF ها,C905f03d02.pdf,C905f03d02.pdf,ریاضی نهم — فصل 03، درس 02,262819,PDF ها/C905f03d02.pdf,PDF ها/C905f03d02.pdf,https://c539776.parspack.net/PDF%20%D9%87%D8%A7/C905f03d02.pdf,404,367
PDF,PDF ها,C905f03d03.pdf,C905f03d03.pdf,ریاضی نهم — فصل 03، درس 03,231682,PDF ها/C905f03d03.pdf,PDF ها/C905f03d03.pdf,https://c539776.parspack.net/PDF%20%D9%87%D8%A7/C905f03d03.pdf,404,367
PDF,PDF ها,C905f03d04.pdf,C905f03d04.pdf,ریاضی نهم — فصل 03، درس 04,202244,PDF ها/C905f03d04.pdf,PDF ها/C905f03d04.pdf,https://c539776.parspack.net/PDF%20%D9%87%D8%A7/C905f03d04.pdf,404,367
PDF,PDF ها,C905f03d05.pdf,C905f03d05.pdf,ریاضی نهم — فصل 03، درس 05,362158,PDF ها/C905f03d05.pdf,PDF ها/C905f03d05.pdf,https://c539776.parspack.net/PDF%20%D9%87%D8%A7/C905f03d05.pdf,404,367
PDF,PDF ها,C905f04d01.pdf,C905f04d01.pdf,ریاضی نهم — فصل 04، درس 01,279127,PDF ها/C905f04d01.pdf,PDF ها/C905f04d01.pdf,https://c539776.parspack.net/PDF%20%D9%87%D8%A7/C905f04d01.pdf,404,367
PDF,PDF ها,C905f04d02.pdf,C905f04d02.pdf,ریاضی نهم — فصل 04، درس 02,162396,PDF ها/C905f04d02.pdf,PDF ها/C905f04d02.pdf,https://c539776.parspack.net/PDF%20%D9%87%D8%A7/C905f04d02.pdf,404,367
PDF,PDF ها,C905f04d03.pdf,C905f04d03.pdf,ریاضی نهم — فصل 04، درس 03,238641,PDF ها/C905f04d03.pdf,PDF ها/C905f04d03.pdf,https://c539776.parspack.net/PDF%20%D9%87%D8%A7/C905f04d03.pdf,404,367
PDF,PDF ها,C905f04d04.pdf,C905f04d04.pdf,ریاضی نهم — فصل 04، درس 04,381312,PDF ها/C905f04d04.pdf,PDF ها/C905f04d04.pdf,https://c539776.parspack.net/PDF%20%D9%87%D8%A7/C905f04d04.pdf,404,367
PDF,PDF ها,C905f05d01.pdf,C905f05d01.pdf,ریاضی نهم — فصل 05، درس 01,256690,PDF ها/C905f05d01.pdf,PDF ها/C905f05d01.pdf,https://c539776.parspack.net/PDF%20%D9%87%D8%A7/C905f05d01.pdf,404,367
PDF,PDF ها,C905f05d02.pdf,C905f05d02.pdf,ریاضی نهم — فصل 05، درس 02,201385,PDF ها/C905f05d02.pdf,PDF ها/C905f05d02.pdf,https://c539776.parspack.net/PDF%20%D9%87%D8%A7/C905f05d02.pdf,404,367
PDF,PDF ها,C905f05d03.pdf,C905f05d03.pdf,ریاضی نهم — فصل 05، درس 03,423593,PDF ها/C905f05d03.pdf,PDF ها/C905f05d03.pdf,https://c539776.parspack.net/PDF%20%D9%87%D8%A7/C905f05d03.pdf,404,367
PDF,PDF ها,C905f06d01.pdf,C905f06d01.pdf,ریاضی نهم — فصل 06، درس 01,220370,PDF ها/C905f06d01.pdf,PDF ها/C905f06d01.pdf,https://c539776.parspack.net/PDF%20%D9%87%D8%A7/C905f06d01.pdf,404,367
PDF,PDF ها,C905f06d02.pdf,C905f06d02.pdf,ریاضی نهم — فصل 06، درس 02,275669,PDF ها/C905f06d02.pdf,PDF ها/C905f06d02.pdf,https://c539776.parspack.net/PDF%20%D9%87%D8%A7/C905f06d02.pdf,404,367
PDF,PDF ها,C905f06d03.pdf,C905f06d03.pdf,ریاضی نهم — فصل 06، درس 03,2067862,PDF ها/C905f06d03.pdf,PDF ها/C905f06d03.pdf,https://c539776.parspack.net/PDF%20%D9%87%D8%A7/C905f06d03.pdf,404,367
PDF,PDF ها,C905f07d01.pdf,C905f07d01.pdf,ریاضی نهم — فصل 07، درس 01,247369,PDF ها/C905f07d01.pdf,PDF ها/C905f07d01.pdf,https://c539776.parspack.net/PDF%20%D9%87%D8%A7/C905f07d01.pdf,404,367
PDF,PDF ها,C905f07d03.pdf,C905f07d03.pdf,ریاضی نهم — فصل 07، درس 03,248121,PDF ها/C905f07d03.pdf,PDF ها/C905f07d03.pdf,https://c539776.parspack.net/PDF%20%D9%87%D8%A7/C905f07d03.pdf,404,367
PDF,grades/grade9/study,C905f08d01.pdf,C905f08d01.pdf,,187260,grades/grade9/study/C905f08d01.pdf,,https://c539776.parspack.net/grades/grade9/study/C905f08d01.pdf,206,187260
PDF,grades/grade9/study,C905f08d02.pdf,C905f08d02.pdf,,280934,grades/grade9/study/C905f08d02.pdf,,https://c539776.parspack.net/grades/grade9/study/C905f08d02.pdf,206,280934
PDF,grades/grade9/study,C905f08d03.pdf,C905f08d03.pdf,,288677,grades/grade9/study/C905f08d03.pdf,,https://c539776.parspack.net/grades/grade9/study/C905f08d03.pdf,206,288677
