نوع,دسته,حرکت,نام فایل,مدت/ثانیه,متن گفتاری یا توضیح تصویر
تصویر,یوگا,کودک (Balasana),yoga/01-balasana-child-pose.jpg,60,
صوت,یوگا,کودک (Balasana),cue-yoga-balasana-start.mp3,60,کودک (Balasana). روی پاشنه‌ها بنشین، زانوها کنار هم. نفس را بیرون بده و تنه را به جلو خم کن تا پیشانی روی تشک بیاید. دست‌ها را به جلو بکش.
صوت,یوگا,کودک (Balasana),cue-yoga-balasana-mid.mp3,60,نفس آرام و یکنواخت باشد. شانه‌ها را رها کن و فشار نیاور.
صوت,یوگا,کودک (Balasana),cue-yoga-balasana-end.mp3,60,آرام از حالت خارج شو و یک نفس عمیق بکش. آفرین.
تصویر,یوگا,گربه-گاو,yoga/02-cat-cow.jpg,60,
صوت,یوگا,گربه-گاو,cue-yoga-cat-cow-start.mp3,60,گربه-گاو. روی چهار دست و پا. با دم کمر را به سمت پایین قوس بده و سر را بالا ببر (گاو). با بازدم کمر را گرد کن و سر را پایین ببر (گربه). ۸ بار تکرار.
صوت,یوگا,گربه-گاو,cue-yoga-cat-cow-mid.mp3,60,نفس آرام و یکنواخت باشد. شانه‌ها را رها کن و فشار نیاور.
صوت,یوگا,گربه-گاو,cue-yoga-cat-cow-end.mp3,60,آرام از حالت خارج شو و یک نفس عمیق بکش. آفرین.
تصویر,یوگا,سگ رو به پایین,yoga/03-downward-dog.jpg,45,
صوت,یوگا,سگ رو به پایین,cue-yoga-downward-dog-start.mp3,45,سگ رو به پایین. روی چهار دست و پا، انگشتان را باز کن. با بازدم لگن را بالا ببر تا بدن V شکل شود. پاشنه‌ها را به سمت زمین هل بده.
صوت,یوگا,سگ رو به پایین,cue-yoga-downward-dog-mid.mp3,45,نفس آرام و یکنواخت باشد. شانه‌ها را رها کن و فشار نیاور.
صوت,یوگا,سگ رو به پایین,cue-yoga-downward-dog-end.mp3,45,آرام از حالت خارج شو و یک نفس عمیق بکش. آفرین.
تصویر,یوگا,کبرا,yoga/04-cobra.jpg,30,
صوت,یوگا,کبرا,cue-yoga-cobra-start.mp3,30,کبرا. روی شکم دراز بکش، کف دست‌ها زیر شانه‌ها. با دم بالاتنه را بالا ببر، آرنج‌ها کنار بدن، شانه‌ها از گوش دور.
صوت,یوگا,کبرا,cue-yoga-cobra-mid.mp3,30,نفس آرام و یکنواخت باشد. شانه‌ها را رها کن و فشار نیاور.
صوت,یوگا,کبرا,cue-yoga-cobra-end.mp3,30,آرام از حالت خارج شو و یک نفس عمیق بکش. آفرین.
تصویر,یوگا,جنگجو ۱,yoga/05-warrior-1.jpg,30,
صوت,یوگا,جنگجو ۱,cue-yoga-warrior-1-start.mp3,30,جنگجو ۱. پای جلو خم با زانوی ۹۰ درجه، پای عقب صاف و ۴۵ درجه چرخیده. دست‌ها بالا، کف دست‌ها رو به هم. لگن رو به جلو.
صوت,یوگا,جنگجو ۱,cue-yoga-warrior-1-mid.mp3,30,نفس آرام و یکنواخت باشد. شانه‌ها را رها کن و فشار نیاور.
صوت,یوگا,جنگجو ۱,cue-yoga-warrior-1-end.mp3,30,آرام از حالت خارج شو و یک نفس عمیق بکش. آفرین.
تصویر,یوگا,جنگجو ۲,yoga/06-warrior-2.jpg,30,
صوت,یوگا,جنگجو ۲,cue-yoga-warrior-2-start.mp3,30,جنگجو ۲. پای جلو خم ۹۰ درجه، پای عقب صاف. دست‌ها افقی موازی زمین، نگاه روی انگشتان دست جلو.
صوت,یوگا,جنگجو ۲,cue-yoga-warrior-2-mid.mp3,30,نفس آرام و یکنواخت باشد. شانه‌ها را رها کن و فشار نیاور.
صوت,یوگا,جنگجو ۲,cue-yoga-warrior-2-end.mp3,30,آرام از حالت خارج شو و یک نفس عمیق بکش. آفرین.
تصویر,یوگا,درخت,yoga/07-tree-pose.jpg,30,
صوت,یوگا,درخت,cue-yoga-tree-start.mp3,30,درخت. روی پای چپ بایست، کف پای راست روی ران داخلی چپ (بالای زانو). دست‌ها بالا، کف دست‌ها کنار هم. تمرکز روی نقطه‌ای ثابت.
صوت,یوگا,درخت,cue-yoga-tree-mid.mp3,30,نفس آرام و یکنواخت باشد. شانه‌ها را رها کن و فشار نیاور.
صوت,یوگا,درخت,cue-yoga-tree-end.mp3,30,آرام از حالت خارج شو و یک نفس عمیق بکش. آفرین.
تصویر,یوگا,پل,yoga/08-bridge-pose.jpg,30,
صوت,یوگا,پل,cue-yoga-bridge-start.mp3,30,پل. به پشت دراز بکش، زانوها خم، کف پا روی زمین. لگن را بالا ببر، شانه‌ها و کف پا تکیه‌گاه. چانه کمی به سمت سینه.
صوت,یوگا,پل,cue-yoga-bridge-mid.mp3,30,نفس آرام و یکنواخت باشد. شانه‌ها را رها کن و فشار نیاور.
صوت,یوگا,پل,cue-yoga-bridge-end.mp3,30,آرام از حالت خارج شو و یک نفس عمیق بکش. آفرین.
تصویر,یوگا,پیچش ستون فقرات,yoga/09-seated-spinal-twist.jpg,45,
صوت,یوگا,پیچش ستون فقرات,cue-yoga-spinal-twist-start.mp3,45,پیچش ستون فقرات. بنشین، پای چپ صاف، زانوی راست خم و از روی پای چپ رد کن. دست راست پشت بدن، دست چپ زانوی راست را بغل کند. به راست بچرخ.
صوت,یوگا,پیچش ستون فقرات,cue-yoga-spinal-twist-mid.mp3,45,نفس آرام و یکنواخت باشد. شانه‌ها را رها کن و فشار نیاور.
صوت,یوگا,پیچش ستون فقرات,cue-yoga-spinal-twist-end.mp3,45,آرام از حالت خارج شو و یک نفس عمیق بکش. آفرین.
تصویر,یوگا,کودک گسترده,yoga/10-wide-legged-child.jpg,60,
صوت,یوگا,کودک گسترده,cue-yoga-wide-child-start.mp3,60,کودک گسترده. مثل کودک، اما زانوها از هم باز. پیشانی روی زمین، بازوها جلو یا کنار بدن.
صوت,یوگا,کودک گسترده,cue-yoga-wide-child-mid.mp3,60,نفس آرام و یکنواخت باشد. شانه‌ها را رها کن و فشار نیاور.
صوت,یوگا,کودک گسترده,cue-yoga-wide-child-end.mp3,60,آرام از حالت خارج شو و یک نفس عمیق بکش. آفرین.
تصویر,یوگا,کبوتر,yoga/11-pigeon-pose.jpg,60,
صوت,یوگا,کبوتر,cue-yoga-pigeon-start.mp3,60,کبوتر. پای جلو خم با زانو پشت مچ دست جلو، پای عقب صاف به عقب. تنه عمودی، دست‌ها روی زمین.
صوت,یوگا,کبوتر,cue-yoga-pigeon-mid.mp3,60,نفس آرام و یکنواخت باشد. شانه‌ها را رها کن و فشار نیاور.
صوت,یوگا,کبوتر,cue-yoga-pigeon-end.mp3,60,آرام از حالت خارج شو و یک نفس عمیق بکش. آفرین.
تصویر,یوگا,مثلث,yoga/12-triangle-pose.jpg,30,
صوت,یوگا,مثلث,cue-yoga-triangle-start.mp3,30,مثلث. پاها باز، پای جلو رو به جلو، پای عقب ۹۰ درجه. دست جلو به ساق پای جلو، دست عقب بالا. نگاه به دست بالا.
صوت,یوگا,مثلث,cue-yoga-triangle-mid.mp3,30,نفس آرام و یکنواخت باشد. شانه‌ها را رها کن و فشار نیاور.
صوت,یوگا,مثلث,cue-yoga-triangle-end.mp3,30,آرام از حالت خارج شو و یک نفس عمیق بکش. آفرین.
تصویر,یوگا,شاواسانا (جسد),yoga/13-savasana.jpg,180,
صوت,یوگا,شاواسانا (جسد),cue-yoga-savasana-start.mp3,180,شاواسانا (جسد). به پشت دراز بکش، پاها کمی باز، دست‌ها کنار بدن با کف دست رو به بالا. چشم‌ها بسته. کاملاً رها کن.
صوت,یوگا,شاواسانا (جسد),cue-yoga-savasana-mid.mp3,180,نفس آرام و یکنواخت باشد. شانه‌ها را رها کن و فشار نیاور.
صوت,یوگا,شاواسانا (جسد),cue-yoga-savasana-end.mp3,180,آرام از حالت خارج شو و یک نفس عمیق بکش. آفرین.
تصویر,یوگا,نیم‌قایق,yoga/14-half-boat.jpg,30,
صوت,یوگا,نیم‌قایق,cue-yoga-half-boat-start.mp3,30,نیم‌قایق. بنشین، زانوها خم با ساق موازی زمین. تنه کمی به عقب، دست‌ها جلو موازی زمین. V شکل.
صوت,یوگا,نیم‌قایق,cue-yoga-half-boat-mid.mp3,30,نفس آرام و یکنواخت باشد. شانه‌ها را رها کن و فشار نیاور.
صوت,یوگا,نیم‌قایق,cue-yoga-half-boat-end.mp3,30,آرام از حالت خارج شو و یک نفس عمیق بکش. آفرین.
تصویر,یوگا,خم‌شدن ایستاده,yoga/15-standing-forward-bend.jpg,45,
صوت,یوگا,خم‌شدن ایستاده,cue-yoga-standing-forward-bend-start.mp3,45,خم‌شدن ایستاده. بایست، از لگن خم شو، سر آویزان، دست‌ها کنار پا. زانوها کمی خم.
صوت,یوگا,خم‌شدن ایستاده,cue-yoga-standing-forward-bend-mid.mp3,45,نفس آرام و یکنواخت باشد. شانه‌ها را رها کن و فشار نیاور.
صوت,یوگا,خم‌شدن ایستاده,cue-yoga-standing-forward-bend-end.mp3,45,آرام از حالت خارج شو و یک نفس عمیق بکش. آفرین.
تصویر,ورزش,کشش گردن ۴ جهت,exercise/01-neck-stretch.jpg,60,
صوت,ورزش,کشش گردن ۴ جهت,cue-ex-neck.mp3,60,کشش گردن ۴ جهت. سر را آرام به راست، چپ، جلو، عقب خم کن. هر طرف ۱۵ ثانیه. اگر سرگیجه داشتی بنشین.
تصویر,ورزش,کشش شانه ضربدری,exercise/02-shoulder-stretch.jpg,30,
صوت,ورزش,کشش شانه ضربدری,cue-ex-shoulder.mp3,30,کشش شانه ضربدری. دست راست را افقی روی سینه بیاور، دست چپ آرنج راست را به سمت سینه بکشد. ۱۵ ثانیه هر طرف.
تصویر,ورزش,چرخش مچ دست و پا,exercise/03-wrist-ankle-rotation.jpg,60,
صوت,ورزش,چرخش مچ دست و پا,cue-ex-wrist-ankle.mp3,60,چرخش مچ دست و پا. مچ دست و پا را به آرامی در هر دو جهت ۱۰ بار بچرخان.
تصویر,ورزش,اسکوات آرام,exercise/04-bodyweight-squat.jpg,60,
صوت,ورزش,اسکوات آرام,cue-ex-squat.mp3,60,اسکوات آرام. پاها به عرض شانه. لگن را عقب ببر مثل نشستن روی صندلی. زانوها از انگشتان پا جلوتر نرود. ۱۰ بار.
تصویر,ورزش,لانگز,exercise/05-lunges.jpg,60,
صوت,ورزش,لانگز,cue-ex-lunge.mp3,60,لانگز. یک پا جلو با زانوی ۹۰ درجه، پای عقب نزدیک زمین. ۱۰ بار هر طرف.
تصویر,ورزش,پلانک (روی آرنج),exercise/06-plank-beginner.jpg,30,
صوت,ورزش,پلانک (روی آرنج),cue-ex-plank.mp3,30,پلانک (روی آرنج). روی آرنج و انگشتان پا، بدن صاف. شکم سفت. ۳۰ ثانیه (مبتدی)، بعد ۴۵ یا ۶۰.
تصویر,ورزش,کرانچ شکم ملایم,exercise/07-gentle-crunch.jpg,60,
صوت,ورزش,کرانچ شکم ملایم,cue-ex-crunch.mp3,60,کرانچ شکم ملایم. به پشت، زانوها خم، دست‌ها پشت سر. فقط شانه‌ها را بلند کن. ۱۰ بار.
تصویر,ورزش,کشش همسترینگ نشسته,exercise/08-hamstring-stretch.jpg,60,
صوت,ورزش,کشش همسترینگ نشسته,cue-ex-hamstring.mp3,60,کشش همسترینگ نشسته. بنشین، یک پا صاف، پای دیگر خم. به سمت پای صاف خم شو. ۳۰ ثانیه هر طرف.
تصویر,ورزش,حرکت پروانه,exercise/09-butterfly-stretch.jpg,45,
صوت,ورزش,حرکت پروانه,cue-ex-butterfly.mp3,45,حرکت پروانه. بنشین، کف پاها به هم، زانوها باز. کمر صاف. ۴۵ ثانیه.
تصویر,ورزش,بالا-پایین پاشنه (Calf Raises),exercise/10-calf-raises.jpg,45,
صوت,ورزش,بالا-پایین پاشنه (Calf Raises),cue-ex-calf.mp3,45,بالا-پایین پاشنه (Calf Raises). بایست، پاشنه‌ها بالا، ۲ ثانیه نگه‌دار، پایین. ۱۵ بار.
تصویر,ورزش,چرخش تنه ایستاده,exercise/11-standing-trunk-rotation.jpg,45,
صوت,ورزش,چرخش تنه ایستاده,cue-ex-trunk.mp3,45,چرخش تنه ایستاده. بایست، دست‌ها جلوی سینه. آرام به راست و چپ بچرخ. ۱۵ ثانیه هر طرف.
تصویر,ورزش,کشش ساق پا به دیوار,exercise/12-wall-calf-stretch.jpg,45,
صوت,ورزش,کشش ساق پا به دیوار,cue-ex-wall-calf.mp3,45,کشش ساق پا به دیوار. رو به دیوار، یک پا عقب با پاشنه روی زمین. به دیوار تکیه بده تا ساق کش بیاید. ۳۰ ثانیه هر طرف.
تصویر,ورزش,سوپرمن (تقویت کمر),exercise/13-superman.jpg,45,
صوت,ورزش,سوپرمن (تقویت کمر),cue-ex-superman.mp3,45,سوپرمن (تقویت کمر). روی شکم، دست و پا صاف. همزمان دست و پای مخالف بالا ببر. ۸ بار هر طرف.
تصویر,ورزش,جامپینگ جک ملایم (گرم‌کردن),exercise/14-jumping-jacks.jpg,60,
صوت,ورزش,جامپینگ جک ملایم (گرم‌کردن),cue-ex-jj.mp3,60,جامپینگ جک ملایم (گرم‌کردن). بایست، پاها باز و دست‌ها بالا، بعد برگرد. آرام و کنترل‌شده. ۱۵ بار.
تصویر,ورزش,کشش مچ و ساعد,exercise/15-wrist-forearm-stretch.jpg,45,
صوت,ورزش,کشش مچ و ساعد,cue-ex-wrist-forearm.mp3,45,کشش مچ و ساعد. دست صاف جلو، کف دست بالا. با دست دیگر انگشتان را به سمت خودت بکش. ۲۰ ثانیه هر طرف.
تصویر,تنفس,تنفس شکمی (Diaphragmatic),breathing/01-diaphragmatic.jpg,120,
صوت,تنفس,تنفس شکمی (Diaphragmatic),cue-breath-diaphragm.mp3,120,تنفس شکمی (Diaphragmatic). یک دست روی شکم، یک دست روی سینه. با دم شکم بالا بیاید (سینه تکان نخورد). ۱۰ نفس.
تصویر,تنفس,تنفس ۴-۷-۸ (آرام‌بخش),breathing/02-4-7-8-breath.jpg,120,
صوت,تنفس,تنفس ۴-۷-۸ (آرام‌بخش),cue-breath-478.mp3,120,تنفس ۴-۷-۸ (آرام‌بخش). ۴ ثانیه دم، ۷ ثانیه نگه، ۸ ثانیه بازدم. ۴ دور.
تصویر,تنفس,تنفس جعبه‌ای (Box 4-4-4-4),breathing/03-box-breathing.jpg,180,
صوت,تنفس,تنفس جعبه‌ای (Box 4-4-4-4),cue-breath-box.mp3,180,تنفس جعبه‌ای (Box 4-4-4-4). ۴ دم، ۴ نگه، ۴ بازدم، ۴ سکوت. ۵ دور.
تصویر,تنفس,تنفس بینی متناوب (Nadi Shodhana),breathing/04-nadi-shodhana.jpg,180,
صوت,تنفس,تنفس بینی متناوب (Nadi Shodhana),cue-breath-nadi.mp3,180,تنفس بینی متناوب (Nadi Shodhana). شست سوراخ راست، انگشت حلقه سوراخ چپ. ۴ دم چپ، ۴ نگه، ۴ بازدم راست، ۴ دم راست... ۵ دور.
تصویر,تنفس,آه‌کشیدن آرام‌بخش,breathing/05-sighing-breath.jpg,90,
صوت,تنفس,آه‌کشیدن آرام‌بخش,cue-breath-sigh.mp3,90,آه‌کشیدن آرام‌بخش. یک دم عمیق و یک آه بلند. تکرار تا آرامش.
تصویر,تنفس,تنفس شیر (Lion's Breath),breathing/06-lions-breath.jpg,60,
صوت,تنفس,تنفس شیر (Lion's Breath),cue-breath-lion.mp3,60,تنفس شیر (Lion's Breath). روی پاشنه، دهان باز، زبان بیرون، با صدای «ها» بازدم. ۵ بار.
تصویر,تنفس,تنفس شمارشی قبل امتحان,breathing/07-counting-breath.jpg,120,
صوت,تنفس,تنفس شمارشی قبل امتحان,cue-breath-counting.mp3,120,تنفس شمارشی قبل امتحان. دم آرام تا ۴، نگه تا ۴، بازدم تا ۴. هر بار یکی بشمار. ۸ دور.
تصویر,تنفس,آرام‌سازی قبل خواب,breathing/08-bedtime-breath.jpg,300,
صوت,تنفس,آرام‌سازی قبل خواب,cue-breath-bedtime.mp3,300,آرام‌سازی قبل خواب. به پشت یا پهلو. ۴ دم، ۶ بازدم. ۱۰ دور.
تصویر,یادگیری,تکنیک پومودورو (۲۵/۵),learning/01-pomodoro.jpg,1500,
صوت,یادگیری,تکنیک پومودورو (۲۵/۵),cue-learn-pomodoro.mp3,1500,تکنیک پومودورو (۲۵/۵). ۲۵ دقیقه مطالعه‌ی متمرکز، ۵ دقیقه استراحت. ۴ دور = ۲ ساعت کار. ۱۵-۲۰ دقیقه استراحت بلند.
تصویر,یادگیری,تکنیک تکرار فاصله‌دار,learning/02-spaced-repetition.jpg,600,
صوت,یادگیری,تکنیک تکرار فاصله‌دار,cue-learn-spaced.mp3,600,تکنیک تکرار فاصله‌دار. فلش‌کارت‌ها را با فاصله‌ی ۱، ۳، ۷، ۱۴، ۳۰ روز مرور کن. اگر غلط: فردا؛ درست: فاصله × ۲.۵.
تصویر,یادگیری,روش فاینمن,learning/03-feynman.jpg,600,
صوت,یادگیری,روش فاینمن,cue-learn-feynman.mp3,600,روش فاینمن. ۱) موضوع را یاد بگیر. ۲) به زبان ساده به کودک ۱۰ ساله توضیح بده. ۳) شکاف‌ها را پیدا کن. ۴) دوباره بخوان و ساده‌تر کن.
تصویر,یادگیری,نقشه‌ی ذهنی (Mind Map),learning/04-mind-map.jpg,900,
صوت,یادگیری,نقشه‌ی ذهنی (Mind Map),cue-learn-mindmap.mp3,900,نقشه‌ی ذهنی (Mind Map). موضوع مرکزی در وسط کاغذ. شاخه‌های اصلی. زیرشاخه‌ها با کلیدواژه. رنگ و تصویر.
تصویر,یادگیری,فعال‌سازی حافظه (Active Recall),learning/05-active-recall.jpg,600,
صوت,یادگیری,فعال‌سازی حافظه (Active Recall),cue-learn-recall.mp3,600,فعال‌سازی حافظه (Active Recall). قبل از خواندن، از خودت بپرس: «چه می‌دانم؟». بعد بخوان. بعد دوباره بدون نگاه‌کردن بگو.
