kind,folder,file,id,title,cat,size,key,internal,external
PDF,PDF ها,C905-fehrest.pdf,C905-fehrest.pdf,فهرست ریاضی نهم,,147514,PDF ها/C905-fehrest.pdf,https://c539776.parspack.net/PDF%20%D9%87%D8%A7/C905-fehrest.pdf,https://sgp.cloud.appwrite.io/v1/storage/buckets/6abb564d00155cc56d65/files/C905-fehrest.pdf/view?project=6abb134a002025222005
PDF,PDF ها,C905f01d01.pdf,C905f01d01.pdf,ریاضی نهم — فصل 01، درس 01,,154953,PDF ها/C905f01d01.pdf,https://c539776.parspack.net/PDF%20%D9%87%D8%A7/C905f01d01.pdf,https://sgp.cloud.appwrite.io/v1/storage/buckets/6abb564d00155cc56d65/files/C905f01d01.pdf/view?project=6abb134a002025222005
PDF,PDF ها,C905f01d02.pdf,C905f01d02.pdf,ریاضی نهم — فصل 01، درس 02,,232242,PDF ها/C905f01d02.pdf,https://c539776.parspack.net/PDF%20%D9%87%D8%A7/C905f01d02.pdf,https://sgp.cloud.appwrite.io/v1/storage/buckets/6abb564d00155cc56d65/files/C905f01d02.pdf/view?project=6abb134a002025222005
PDF,PDF ها,C905f01d03.pdf,C905f01d03.pdf,ریاضی نهم — فصل 01، درس 03,,226450,PDF ها/C905f01d03.pdf,https://c539776.parspack.net/PDF%20%D9%87%D8%A7/C905f01d03.pdf,https://sgp.cloud.appwrite.io/v1/storage/buckets/6abb564d00155cc56d65/files/C905f01d03.pdf/view?project=6abb134a002025222005
PDF,PDF ها,C905f01d04.pdf,C905f01d04.pdf,ریاضی نهم — فصل 01، درس 04,,250664,PDF ها/C905f01d04.pdf,https://c539776.parspack.net/PDF%20%D9%87%D8%A7/C905f01d04.pdf,https://sgp.cloud.appwrite.io/v1/storage/buckets/6abb564d00155cc56d65/files/C905f01d04.pdf/view?project=6abb134a002025222005
PDF,PDF ها,C905f02d01.pdf,C905f02d01.pdf,ریاضی نهم — فصل 02، درس 01,,258210,PDF ها/C905f02d01.pdf,https://c539776.parspack.net/PDF%20%D9%87%D8%A7/C905f02d01.pdf,https://sgp.cloud.appwrite.io/v1/storage/buckets/6abb564d00155cc56d65/files/C905f02d01.pdf/view?project=6abb134a002025222005
PDF,PDF ها,C905f02d02.pdf,C905f02d02.pdf,ریاضی نهم — فصل 02، درس 02,,318252,PDF ها/C905f02d02.pdf,https://c539776.parspack.net/PDF%20%D9%87%D8%A7/C905f02d02.pdf,https://sgp.cloud.appwrite.io/v1/storage/buckets/6abb564d00155cc56d65/files/C905f02d02.pdf/view?project=6abb134a002025222005
PDF,PDF ها,C905f02d03.pdf,C905f02d03.pdf,ریاضی نهم — فصل 02، درس 03,,284704,PDF ها/C905f02d03.pdf,https://c539776.parspack.net/PDF%20%D9%87%D8%A7/C905f02d03.pdf,https://sgp.cloud.appwrite.io/v1/storage/buckets/6abb564d00155cc56d65/files/C905f02d03.pdf/view?project=6abb134a002025222005
PDF,PDF ها,C905f03d01.pdf,C905f03d01.pdf,ریاضی نهم — فصل 03، درس 01,,125341,PDF ها/C905f03d01.pdf,https://c539776.parspack.net/PDF%20%D9%87%D8%A7/C905f03d01.pdf,https://sgp.cloud.appwrite.io/v1/storage/buckets/6abb564d00155cc56d65/files/C905f03d01.pdf/view?project=6abb134a002025222005
PDF,PDF ها,C905f03d02.pdf,C905f03d02.pdf,ریاضی نهم — فصل 03، درس 02,,262819,PDF ها/C905f03d02.pdf,https://c539776.parspack.net/PDF%20%D9%87%D8%A7/C905f03d02.pdf,https://sgp.cloud.appwrite.io/v1/storage/buckets/6abb564d00155cc56d65/files/C905f03d02.pdf/view?project=6abb134a002025222005
PDF,PDF ها,C905f03d03.pdf,C905f03d03.pdf,ریاضی نهم — فصل 03، درس 03,,231682,PDF ها/C905f03d03.pdf,https://c539776.parspack.net/PDF%20%D9%87%D8%A7/C905f03d03.pdf,https://sgp.cloud.appwrite.io/v1/storage/buckets/6abb564d00155cc56d65/files/C905f03d03.pdf/view?project=6abb134a002025222005
PDF,PDF ها,C905f03d04.pdf,C905f03d04.pdf,ریاضی نهم — فصل 03، درس 04,,202244,PDF ها/C905f03d04.pdf,https://c539776.parspack.net/PDF%20%D9%87%D8%A7/C905f03d04.pdf,https://sgp.cloud.appwrite.io/v1/storage/buckets/6abb564d00155cc56d65/files/C905f03d04.pdf/view?project=6abb134a002025222005
PDF,PDF ها,C905f03d05.pdf,C905f03d05.pdf,ریاضی نهم — فصل 03، درس 05,,362158,PDF ها/C905f03d05.pdf,https://c539776.parspack.net/PDF%20%D9%87%D8%A7/C905f03d05.pdf,https://sgp.cloud.appwrite.io/v1/storage/buckets/6abb564d00155cc56d65/files/C905f03d05.pdf/view?project=6abb134a002025222005
PDF,PDF ها,C905f04d01.pdf,C905f04d01.pdf,ریاضی نهم — فصل 04، درس 01,,279127,PDF ها/C905f04d01.pdf,https://c539776.parspack.net/PDF%20%D9%87%D8%A7/C905f04d01.pdf,https://sgp.cloud.appwrite.io/v1/storage/buckets/6abb564d00155cc56d65/files/C905f04d01.pdf/view?project=6abb134a002025222005
PDF,PDF ها,C905f04d02.pdf,C905f04d02.pdf,ریاضی نهم — فصل 04، درس 02,,162396,PDF ها/C905f04d02.pdf,https://c539776.parspack.net/PDF%20%D9%87%D8%A7/C905f04d02.pdf,https://sgp.cloud.appwrite.io/v1/storage/buckets/6abb564d00155cc56d65/files/C905f04d02.pdf/view?project=6abb134a002025222005
PDF,PDF ها,C905f04d03.pdf,C905f04d03.pdf,ریاضی نهم — فصل 04، درس 03,,238641,PDF ها/C905f04d03.pdf,https://c539776.parspack.net/PDF%20%D9%87%D8%A7/C905f04d03.pdf,https://sgp.cloud.appwrite.io/v1/storage/buckets/6abb564d00155cc56d65/files/C905f04d03.pdf/view?project=6abb134a002025222005
PDF,PDF ها,C905f04d04.pdf,C905f04d04.pdf,ریاضی نهم — فصل 04، درس 04,,381312,PDF ها/C905f04d04.pdf,https://c539776.parspack.net/PDF%20%D9%87%D8%A7/C905f04d04.pdf,https://sgp.cloud.appwrite.io/v1/storage/buckets/6abb564d00155cc56d65/files/C905f04d04.pdf/view?project=6abb134a002025222005
PDF,PDF ها,C905f05d01.pdf,C905f05d01.pdf,ریاضی نهم — فصل 05، درس 01,,256690,PDF ها/C905f05d01.pdf,https://c539776.parspack.net/PDF%20%D9%87%D8%A7/C905f05d01.pdf,https://sgp.cloud.appwrite.io/v1/storage/buckets/6abb564d00155cc56d65/files/C905f05d01.pdf/view?project=6abb134a002025222005
PDF,PDF ها,C905f05d02.pdf,C905f05d02.pdf,ریاضی نهم — فصل 05، درس 02,,201385,PDF ها/C905f05d02.pdf,https://c539776.parspack.net/PDF%20%D9%87%D8%A7/C905f05d02.pdf,https://sgp.cloud.appwrite.io/v1/storage/buckets/6abb564d00155cc56d65/files/C905f05d02.pdf/view?project=6abb134a002025222005
PDF,PDF ها,C905f05d03.pdf,C905f05d03.pdf,ریاضی نهم — فصل 05، درس 03,,423593,PDF ها/C905f05d03.pdf,https://c539776.parspack.net/PDF%20%D9%87%D8%A7/C905f05d03.pdf,https://sgp.cloud.appwrite.io/v1/storage/buckets/6abb564d00155cc56d65/files/C905f05d03.pdf/view?project=6abb134a002025222005
PDF,PDF ها,C905f06d01.pdf,C905f06d01.pdf,ریاضی نهم — فصل 06، درس 01,,220370,PDF ها/C905f06d01.pdf,https://c539776.parspack.net/PDF%20%D9%87%D8%A7/C905f06d01.pdf,https://sgp.cloud.appwrite.io/v1/storage/buckets/6abb564d00155cc56d65/files/C905f06d01.pdf/view?project=6abb134a002025222005
PDF,PDF ها,C905f06d02.pdf,C905f06d02.pdf,ریاضی نهم — فصل 06، درس 02,,275669,PDF ها/C905f06d02.pdf,https://c539776.parspack.net/PDF%20%D9%87%D8%A7/C905f06d02.pdf,https://sgp.cloud.appwrite.io/v1/storage/buckets/6abb564d00155cc56d65/files/C905f06d02.pdf/view?project=6abb134a002025222005
PDF,PDF ها,C905f06d03.pdf,C905f06d03.pdf,ریاضی نهم — فصل 06، درس 03,,2067862,PDF ها/C905f06d03.pdf,https://c539776.parspack.net/PDF%20%D9%87%D8%A7/C905f06d03.pdf,https://sgp.cloud.appwrite.io/v1/storage/buckets/6abb564d00155cc56d65/files/C905f06d03.pdf/view?project=6abb134a002025222005
PDF,PDF ها,C905f07d01.pdf,C905f07d01.pdf,ریاضی نهم — فصل 07، درس 01,,247369,PDF ها/C905f07d01.pdf,https://c539776.parspack.net/PDF%20%D9%87%D8%A7/C905f07d01.pdf,https://sgp.cloud.appwrite.io/v1/storage/buckets/6abb564d00155cc56d65/files/C905f07d01.pdf/view?project=6abb134a002025222005
PDF,PDF ها,C905f07d03.pdf,C905f07d03.pdf,ریاضی نهم — فصل 07، درس 03,,248121,PDF ها/C905f07d03.pdf,https://c539776.parspack.net/PDF%20%D9%87%D8%A7/C905f07d03.pdf,https://sgp.cloud.appwrite.io/v1/storage/buckets/6abb564d00155cc56d65/files/C905f07d03.pdf/view?project=6abb134a002025222005
PDF,grades/grade9/study,C905f08d01.pdf,C905f08d01.pdf,,,187260,grades/grade9/study/C905f08d01.pdf,https://c539776.parspack.net/grades/grade9/study/C905f08d01.pdf,https://sgp.cloud.appwrite.io/v1/storage/buckets/6abb564d00155cc56d65/files/C905f08d01.pdf/view?project=6abb134a002025222005
PDF,grades/grade9/study,C905f08d02.pdf,C905f08d02.pdf,,,280934,grades/grade9/study/C905f08d02.pdf,https://c539776.parspack.net/grades/grade9/study/C905f08d02.pdf,https://sgp.cloud.appwrite.io/v1/storage/buckets/6abb564d00155cc56d65/files/C905f08d02.pdf/view?project=6abb134a002025222005
PDF,grades/grade9/study,C905f08d03.pdf,C905f08d03.pdf,,,288677,grades/grade9/study/C905f08d03.pdf,https://c539776.parspack.net/grades/grade9/study/C905f08d03.pdf,https://sgp.cloud.appwrite.io/v1/storage/buckets/6abb564d00155cc56d65/files/C905f08d03.pdf/view?project=6abb134a002025222005
